ISEQ_ID,Date_ISEQ,Price_ISEQ,Open_ISEQ,High_ISEQ,Low_ISEQ,Vol_Mil_ISEQ,ChangePercent_ISEQ
1,2019-08-30,5879.42,5846.54,5910.03,5846.54,26.37,0.55
2,2019-08-29,5847.1,5754.21,5857.72,5748.84,24.3,1.55
3,2019-08-28,5757.58,5831.34,5831.34,5735.47,30.6,-1.26
4,2019-08-27,5831.34,5744.73,5831.34,5709.75,32.58,1.53
5,2019-08-26,5743.34,5750.06,5786.97,5716.39,8.93,-0.11
6,2019-08-23,5749.46,5770.87,5851.11,5739.23,36.17,-0.33
7,2019-08-22,5768.33,5796.27,5804.41,5753.65,32.16,-0.46
8,2019-08-21,5795.22,5694.49,5798.71,5694.49,46.49,1.79
9,2019-08-20,5693.38,5814.46,5818.15,5693.38,27.74,-2.07
10,2019-08-19,5813.52,5773.45,5844.87,5773.45,28.31,0.7
11,2019-08-16,5773.27,5697.77,5782.06,5697.77,42.55,1.33
12,2019-08-15,5697.77,5750.16,5792.34,5659.28,39.49,-0.88
13,2019-08-14,5748.13,5851.28,5863,5736.22,120.55,-1.76
14,2019-08-13,5851.08,5843.19,5902.03,5772.87,33.05,0.15
15,2019-08-12,5842.32,5872.42,5921.18,5829.55,17.47,-0.34
16,2019-08-09,5862.29,5944.01,5944.01,5860.29,29.41,-1.37
17,2019-08-08,5943.65,5843.15,5943.84,5843.15,19.59,2.19
18,2019-08-07,5816.16,5784.25,5843.5,5779.45,29.79,0.6
19,2019-08-06,5781.64,5809.55,5840.34,5781.64,27.69,-0.48
20,2019-08-05,5809.55,5974.52,5974.52,5809.55,19.83,-2.82
21,2019-08-02,5978.15,6076.92,6076.92,5960.95,40.33,-1.6
22,2019-08-01,6075.25,6112.2,6125.99,6044.66,75.53,-0.59
23,2019-07-31,6111.13,6130.35,6154.61,6102.04,76.79,-0.29
24,2019-07-30,6129.11,6269.91,6269.91,6117.17,31.96,-2.21
25,2019-07-29,6267.59,6314.63,6321.17,6267.38,32.42,-0.9
26,2019-07-26,6324.29,6356.12,6356.12,6306.44,19.27,-0.5
27,2019-07-25,6356.07,6332.58,6379.04,6307.19,24.46,0.36
28,2019-07-24,6333.29,6322.12,6338.04,6301.77,42.11,0.16
29,2019-07-23,6322.9,6296.65,6330.08,6288.14,25.61,0.61
30,2019-07-22,6284.85,6262.39,6332.57,6258.52,12.41,0.28
31,2019-07-19,6267.36,6276.96,6304.52,6253.41,34.6,-0.15
32,2019-07-18,6277.07,6309.12,6309.12,6255.72,26.54,-0.58
33,2019-07-17,6313.43,6380.58,6385.13,6307.06,16.97,-1.05
34,2019-07-16,6380.36,6322.71,6380.36,6307.76,23.27,0.92
35,2019-07-15,6322.06,6295.82,6346.86,6291.78,15.21,0.43
36,2019-07-12,6295.11,6276.81,6315.38,6276.81,27.54,0.3
37,2019-07-11,6276.12,6240.06,6284.49,6235.44,65.7,0.66
38,2019-07-10,6235.05,6266.72,6284.18,6234.84,25.17,-0.5
39,2019-07-09,6266.24,6314.25,6317.92,6237.78,19.97,-0.79
40,2019-07-08,6315.83,6337.46,6339.89,6265.84,13.15,-0.36
41,2019-07-05,6338.46,6415.39,6419.47,6335.69,18.47,-1.2
42,2019-07-04,6415.6,6361.59,6415.6,6345.77,20.12,1.08
43,2019-07-03,6347.28,6232.95,6359.82,6215.88,28.55,1.85
44,2019-07-02,6232.27,6248.56,6262.38,6195.49,19.32,0.03
45,2019-07-01,6230.26,6155.24,6253.65,6155.24,24.9,1.26
46,2019-06-28,6152.63,6107.76,6152.63,6097.28,23.45,0.74
47,2019-06-27,6107.37,6131.05,6171.24,6091.46,21.84,-0.34
48,2019-06-26,6128.16,6108.53,6131.69,6087.92,35.26,0.33
49,2019-06-25,6107.98,6068.66,6110.77,6041.94,31.98,0.65
50,2019-06-24,6068.66,6131.75,6138.74,6065.5,26.56,-1.05
51,2019-06-21,6133.2,6200.92,6230.49,6124.7,42.79,-1.12
52,2019-06-20,6202.7,6165.66,6228.73,6165.66,21,0.62
53,2019-06-19,6164.59,6166.72,6184.43,6134.27,27.64,0.04
54,2019-06-18,6162.41,6120.59,6169.31,6080.03,21.77,0.68
55,2019-06-17,6120.59,6152.35,6169.66,6101.23,18.53,-0.55
56,2019-06-14,6154.53,6188.46,6191.15,6127.45,22.71,-0.62
57,2019-06-13,6192.63,6131.43,6208.31,6122.32,16.82,1
58,2019-06-12,6131.58,6210.61,6210.61,6122.81,22.02,-1.46
59,2019-06-11,6222.45,6199.83,6252.22,6193.22,18.93,0.34
60,2019-06-10,6201.08,6192.11,6213.42,6172.54,10.31,0.37
61,2019-06-07,6178.39,6129.35,6192.29,6129.35,17.42,0.84
62,2019-06-06,6127.19,6180.6,6209.28,6121.18,20.22,-0.85
63,2019-06-05,6179.93,6158.95,6207.42,6133.8,19.21,0.36
64,2019-06-04,6157.51,6082.24,6167.93,6068.64,18.73,1.22
65,2019-06-03,6083.04,6078.59,6100.98,6039.32,13.82,0.06
66,2019-05-31,6079.63,6122.36,6122.36,6042.26,26.11,-0.81
67,2019-05-30,6129.32,6052.78,6130.55,6049.59,18.41,1.27
68,2019-05-29,6052.44,6150.05,6150.05,6040.47,19.48,-1.63
69,2019-05-28,6152.63,6114.53,6152.63,6105.26,52.15,0.62
70,2019-05-27,6114.78,6126.84,6185.36,6107.17,7.75,-0.15
71,2019-05-24,6123.83,6155,6189.38,6123.83,29.25,-0.47
72,2019-05-23,6152.51,6234.96,6234.96,6113.26,39.89,-1.37
73,2019-05-22,6237.79,6231.93,6260,6211,21.43,0.09
74,2019-05-21,6231.93,6222.95,6244.53,6211.95,36.46,0.14
75,2019-05-20,6223.38,6282.97,6282.97,6203.93,18.82,-0.91
76,2019-05-17,6280.53,6309.83,6309.83,6235.61,32.27,-0.46
77,2019-05-16,6309.78,6242.99,6313.16,6198.13,55.27,1.09
78,2019-05-15,6241.63,6231.93,6272.08,6187.74,13.48,0.18
79,2019-05-14,6230.72,6151.22,6234.16,6151.22,19.8,1.29
80,2019-05-13,6151.57,6248.33,6255.74,6151.57,16.86,-1.46
81,2019-05-10,6242.88,6251.37,6328.6,6237.12,23.37,-0.02
82,2019-05-09,6243.82,6365.65,6365.65,6224.3,44.71,-1.87
83,2019-05-08,6362.91,6390.47,6395.92,6316.91,44.56,-0.43
84,2019-05-07,6390.47,6467.04,6484.84,6373.61,34.6,-1.11
85,2019-05-06,6462.12,6494.3,6494.3,6389.94,37.36,-0.56
86,2019-05-03,6498.74,6501.94,6518.76,6471.36,34.15,-0.1
87,2019-05-02,6505.11,6455.04,6523.47,6450.93,71.65,0.77
88,2019-04-30,6455.24,6444.08,6475.06,6426.39,43.44,0.02
89,2019-04-29,6453.89,6401.61,6464.32,6401.61,22.8,0.85
90,2019-04-26,6399.74,6391.23,6423.28,6370.38,15.49,0.11
91,2019-04-25,6392.53,6448.57,6476.98,6372.94,18.65,-0.87
92,2019-04-24,6448.65,6488.08,6508.96,6448.41,21.27,-0.7
93,2019-04-23,6493.81,6540.14,6540.14,6463.44,25.96,-0.71
94,2019-04-18,6540.14,6487.41,6551.95,6458.64,44.32,0.8
95,2019-04-17,6488.07,6435.71,6491.23,6406.63,25.16,0.84
96,2019-04-16,6433.97,6391.35,6448.69,6365.24,49.37,0.61
97,2019-04-15,6395.18,6341.64,6395.18,6340.97,23.8,0.94
98,2019-04-12,6335.71,6280.36,6348.95,6263.88,24.08,0.88
99,2019-04-11,6280.7,6241.86,6307.33,6233.57,25.81,0.62
100,2019-04-10,6241.86,6246.98,6261.24,6196.37,67.19,-0.1
101,2019-04-09,6247.91,6299.47,6306.12,6237.77,17.24,-0.76
102,2019-04-08,6295.96,6386.77,6386.77,6295.76,12,-1.38
103,2019-04-05,6383.9,6313.14,6392.73,6310.27,20.65,1.09
104,2019-04-04,6314.96,6313.12,6320.98,6283.32,19.45,0.03
105,2019-04-03,6313.12,6228.96,6320.98,6228.96,23.81,1.78
106,2019-04-02,6202.71,6199.16,6214.84,6179.61,20.09,0.06
107,2019-04-01,6199.16,6138.45,6206.25,6138.45,19.6,0.99
108,2019-03-29,6138.66,6047.57,6149.5,6041.76,23.5,1.48
109,2019-03-28,6048.85,6054.56,6108.48,6047.9,14.59,-0.03
110,2019-03-27,6050.42,6037.99,6081.11,6016.6,21.98,0.21
111,2019-03-26,6037.99,6020.77,6044.13,5957.26,19.04,0.24
112,2019-03-25,6023.73,6041.32,6042.41,5979.14,19.78,-0.19
113,2019-03-22,6035.4,6125.68,6166.08,6021.62,20.35,-1.48
114,2019-03-21,6125.99,6203.94,6203.94,6113.55,22.51,-1.27
115,2019-03-20,6204.66,6239.53,6251.08,6182.4,20.75,-0.56
116,2019-03-19,6239.64,6253.25,6299.38,6228.69,19.06,-0.21
117,2019-03-18,6252.69,6252.79,6271.78,6222.78,15.15,0.01
118,2019-03-15,6252.36,6177.52,6258.25,6135.19,34.13,1.22
119,2019-03-14,6177.27,6173.04,6220,6121.78,21.38,0.08
120,2019-03-13,6172.48,6118.27,6181.48,6116.96,18.3,0.62
121,2019-03-12,6134.37,6123.74,6209.12,6123.74,26.95,0.25
122,2019-03-11,6118.96,6082.54,6118.96,6066.13,14.58,0.6
123,2019-03-08,6082.54,6103.28,6103.28,6048.74,25.93,-0.34
124,2019-03-07,6103.23,6206.38,6221.27,6095.74,26.08,-1.66
125,2019-03-06,6206.02,6241.67,6258.65,6206.02,34.83,-0.57
126,2019-03-05,6241.67,6220.38,6258.97,6198.21,35.62,0.35
127,2019-03-04,6220.19,6195.83,6245.52,6195.83,17.92,0.4
128,2019-03-01,6195.62,6115.71,6200.09,6115.71,38.07,1.31
129,2019-02-28,6115.6,6068.21,6117.3,6030.7,41.16,0.75
130,2019-02-27,6070.18,6056.08,6070.18,6015.52,41.83,0.11
131,2019-02-26,6063.23,6019.71,6072.45,5981.19,28.81,0.7
132,2019-02-25,6021.15,6034.42,6035.22,5988.94,13.58,-0.22
133,2019-02-22,6034.42,6042.69,6077.55,6024.14,15.69,-0.19
134,2019-02-21,6046.17,6052.52,6069.04,6030.28,30.12,-0.2
135,2019-02-20,6058.4,5979.09,6070.28,5976.97,18.61,1.31
136,2019-02-19,5980.25,5975.35,6045.37,5975.35,29.83,0.06
137,2019-02-18,5976.91,5969.27,5993.25,5959.7,17.84,0.13
138,2019-02-15,5969.27,5952.81,5979.3,5928.37,18.53,0.33
139,2019-02-14,5949.75,5995.39,6043.1,5943.2,18.99,-0.76
140,2019-02-13,5995.03,5919.75,6015.08,5918.06,20.59,1.27
141,2019-02-12,5919.75,5909.39,5947.24,5906.29,18.84,0.27
142,2019-02-11,5903.85,5833.84,5912.26,5833.84,12.18,1.22
143,2019-02-08,5832.59,5842.67,5874.65,5826.23,13.8,-0.17
144,2019-02-07,5842.44,5969.85,5969.85,5842.44,21.99,-2.14
145,2019-02-06,5970.05,5935.39,6019.82,5930.85,19.56,0.58
146,2019-02-05,5935.39,5831.31,5935.39,5825.85,41.49,1.79
147,2019-02-04,5831.05,5838.1,5844.31,5809.85,16.33,-0.12
148,2019-02-01,5838.1,5767.68,5848.49,5767.68,34.88,1.22
149,2019-01-31,5767.68,5859.69,5882.14,5751.37,22.74,-1.57
150,2019-01-30,5859.79,5848.88,5859.79,5821.8,22.35,0.19
151,2019-01-29,5848.88,5843.79,5879.31,5819.41,19.86,0.09
152,2019-01-28,5843.79,5849.56,5861.31,5810.53,15.77,-0.1
153,2019-01-25,5849.56,5775,5871.95,5775,26.02,1.29
154,2019-01-24,5775,5828.38,5862.11,5768.61,36.47,-0.92
155,2019-01-23,5828.38,5817.12,5905.39,5801.53,30.59,0.19
156,2019-01-22,5817.12,5792.13,5817.12,5764.54,19.15,0.43
157,2019-01-21,5792.13,5799.61,5819.25,5773.28,12.84,-0.13
158,2019-01-18,5799.61,5705.3,5801.86,5695.88,38.42,1.65
159,2019-01-17,5705.3,5699.04,5714.43,5661.66,58.55,0.11
160,2019-01-16,5699.04,5640.4,5705.16,5640.4,25.83,1.04
161,2019-01-15,5640.4,5670.85,5707.55,5611.72,21.38,-0.54
162,2019-01-14,5670.85,5699.45,5699.45,5654.63,18.48,-0.5
163,2019-01-11,5699.45,5743.29,5745.29,5690.84,22.54,-0.76
164,2019-01-10,5743.29,5734.83,5743.29,5687.03,18.23,0.15
165,2019-01-09,5734.83,5680.57,5751.1,5680.57,26.81,0.96
166,2019-01-08,5680.57,5651.16,5717.47,5632.56,19.31,0.52
167,2019-01-07,5651.16,5656.45,5692.16,5607.97,20.39,-0.09
168,2019-01-04,5656.45,5481.16,5670.92,5481.16,18.08,3.2
169,2019-01-03,5481.16,5489.63,5523.99,5456.22,17.67,-0.17
170,2019-01-02,5490.37,5479.81,5510.81,5390.58,15.2,0.19
171,2018-12-31,5479.81,5459.2,5479.81,5444.61,6.63,0.38
172,2018-12-28,5459.2,5325.99,5464.82,5325.99,16.87,2.5
173,2018-12-27,5325.99,5398.23,5449.64,5311.73,10.37,-1.34
174,2018-12-24,5398.23,5391.42,5422.33,5387.52,2.44,0.13
175,2018-12-21,5391.42,5376.61,5412.6,5342.6,30.6,0.28
176,2018-12-20,5376.61,5443.79,5443.79,5344.58,44.12,-1.23
177,2018-12-19,5443.79,5422.76,5457.05,5417.07,27.2,0.39
178,2018-12-18,5422.76,5470.72,5497.71,5422.76,21.29,-0.88
179,2018-12-17,5470.72,5519.26,5519.26,5451.43,23.37,-0.88
180,2018-12-14,5519.26,5536.33,5536.33,5425.82,14.83,-0.31
181,2018-12-13,5536.33,5523.38,5590.96,5515.41,39.12,0.23
182,2018-12-12,5523.38,5491.94,5547.61,5454,29.29,0.57
183,2018-12-11,5491.94,5409.17,5510.65,5409.17,25.13,1.53
184,2018-12-10,5409.17,5548.81,5548.81,5403.23,16.79,-2.52
185,2018-12-07,5548.81,5492.95,5615.59,5492.95,17.49,1.02
186,2018-12-06,5492.95,5669.09,5669.09,5491.94,25.05,-3.11
187,2018-12-05,5669.09,5701.71,5726.38,5641.29,22.2,-0.57
188,2018-12-04,5701.71,5847.62,5862.48,5701.71,23.69,-2.5
189,2018-12-03,5847.62,5818.65,5914.39,5818.65,20.91,0.5
190,2018-11-30,5818.65,5850.55,5861.74,5801.16,56.74,-0.55
191,2018-11-29,5850.55,5834.47,5903.78,5834.17,26.89,0.25
192,2018-11-28,5836.07,5872.79,5913.32,5822.75,26.41,-0.63
193,2018-11-27,5872.79,5926.42,5928.07,5835.83,22.26,-0.9
194,2018-11-26,5926.42,5928.21,5989.36,5914.57,18.45,-0.03
195,2018-11-23,5928.21,5858.01,5928.21,5858.01,11.6,1.2
196,2018-11-22,5858.01,5892.34,5892.34,5826.7,17.2,-0.58
197,2018-11-21,5892.34,5817.3,5900.65,5816.95,33.81,1.29
198,2018-11-20,5817.3,5900.09,5908.28,5772.58,32.55,-1.4
199,2018-11-19,5900.09,5983.45,6000.6,5898.59,21.09,-1.39
200,2018-11-16,5983.45,5957.17,6045.31,5931.59,34.27,0.44
201,2018-11-15,5957.17,6194.33,6201.17,5955.95,24.77,-3.83
202,2018-11-14,6194.44,6138.05,6239.02,6083.8,18.91,0.92
203,2018-11-13,6138.05,6126.62,6185.79,6090.16,15.16,0.19
204,2018-11-12,6126.62,6172.13,6218.15,6120.12,20.76,-0.74
205,2018-11-09,6172.13,6202.6,6202.6,6142.24,18,-0.49
206,2018-11-08,6202.6,6254.77,6316.61,6202.33,38.07,-0.83
207,2018-11-07,6254.77,6136.33,6263.03,6132.09,16.65,1.93
208,2018-11-06,6136.33,6191.37,6210.08,6120.64,27.45,-0.89
209,2018-11-05,6191.37,6224.07,6239.11,6191.37,18.17,-0.53
210,2018-11-02,6224.07,6156.39,6272.43,6156.39,23.62,1.1
211,2018-11-01,6156.39,6146.07,6213.29,6118.96,23.81,0.14
212,2018-10-31,6147.61,6103.03,6217.67,6103.03,25.89,0.73
213,2018-10-30,6103.03,6050.01,6107.12,5999.81,14.96,0.88
214,2018-10-29,6050.01,5978.12,6086.2,5967.49,9.2,1.2
215,2018-10-26,5978.12,5970.46,5993.68,5873.23,36.09,0.13
216,2018-10-25,5970.46,5917.33,5979.75,5857.39,38.42,0.9
217,2018-10-24,5917.33,5930.36,6021.1,5917.33,19.52,-0.22
218,2018-10-23,5930.36,6024.38,6024.38,5917.74,24.3,-1.56
219,2018-10-22,6024.38,5997.46,6068.62,5997.46,22.21,0.45
220,2018-10-19,5997.46,6090.79,6109.68,5991.46,28.9,-1.53
221,2018-10-18,6090.79,6185.74,6185.74,6082.99,18.82,-1.57
222,2018-10-17,6188.02,6263.19,6273.6,6168.93,31.7,-1.2
223,2018-10-16,6263.19,6113.84,6263.19,6113.84,15.08,2.44
224,2018-10-15,6113.84,6098.39,6124.52,6069.5,13.67,0.25
225,2018-10-12,6098.39,6018.81,6119.65,6018.81,28.97,1.32
226,2018-10-11,6018.81,6153.73,6153.73,6018.81,27.75,-2.19
227,2018-10-10,6153.81,6328.4,6328.4,6153.25,25.89,-2.76
228,2018-10-09,6328.4,6388.99,6411.79,6319.76,25.6,-0.95
229,2018-10-08,6388.99,6450.73,6450.73,6388.99,18.52,-0.96
230,2018-10-05,6450.73,6482.94,6487.88,6420.15,39.39,-0.5
231,2018-10-04,6482.94,6540.15,6540.15,6464.05,25.57,-0.88
232,2018-10-03,6540.18,6472.64,6552.26,6472.64,31.38,1.04
233,2018-10-02,6472.64,6494.65,6494.65,6433.52,28.59,-0.34
234,2018-10-01,6494.65,6522.36,6545.78,6470.97,33.41,-0.42
235,2018-09-28,6522.36,6586.75,6593.24,6521.6,47.62,-0.98
236,2018-09-27,6586.75,6570.37,6603.61,6558.01,19.38,0.17
237,2018-09-26,6575.63,6559.98,6575.65,6544.16,25.32,0.24
238,2018-09-25,6559.98,6583.58,6588.47,6556.68,21.79,-0.36
239,2018-09-24,6583.58,6673.16,6673.16,6582.24,16.4,-1.34
240,2018-09-21,6673.16,6709.29,6730.29,6646.72,43.2,-0.54
241,2018-09-20,6709.29,6723.48,6748.61,6689.95,59.3,-0.22
242,2018-09-19,6723.96,6707.9,6736.33,6707.9,21.52,0.24
243,2018-09-18,6707.9,6671.42,6707.9,6655.46,19.89,0.55
244,2018-09-17,6671.42,6637.63,6671.42,6610.86,14.73,0.51
245,2018-09-14,6637.63,6629.66,6657.03,6598.74,13.33,0.12
246,2018-09-13,6629.66,6611.66,6657.78,6601.5,14.8,0.26
247,2018-09-12,6612.27,6646.72,6653.51,6596.16,13.33,-0.52
248,2018-09-11,6646.72,6634.45,6646.72,6601.37,19.14,0.18
249,2018-09-10,6634.45,6646.34,6657.96,6614.01,18.18,-0.18
250,2018-09-07,6646.34,6693.58,6700.03,6632.03,20.77,-0.71
251,2018-09-06,6693.58,6684.48,6713.95,6668.19,31.81,-0.06
252,2018-09-05,6697.59,6757.5,6769.01,6697.59,19.76,-0.89
253,2018-09-04,6757.5,6787.38,6808.78,6748.91,44.15,-0.44
254,2018-09-03,6787.38,6773.91,6814.22,6752.54,12.07,0.2
255,2018-08-31,6773.91,6805.22,6817.71,6753.14,27.05,-0.46
256,2018-08-30,6805.22,6819.05,6831.58,6787.54,20.98,-0.21
257,2018-08-29,6819.44,6782.59,6844.41,6780.15,18.57,0.54
258,2018-08-28,6782.59,6796.3,6811.26,6766.21,23.71,-0.2
259,2018-08-27,6796.3,6794.21,6818.73,6784.59,5.02,0.03
260,2018-08-24,6794.21,6719.87,6801.79,6719.87,14.18,1.11
261,2018-08-23,6719.87,6717.67,6823.53,6717.67,16.17,-0.06
262,2018-08-22,6723.69,6735.54,6758.93,6701.68,28.9,-0.18
263,2018-08-21,6735.54,6726.37,6744.41,6692.05,27.8,0.14
264,2018-08-20,6726.37,6698.59,6758.06,6683.68,18.01,0.41
265,2018-08-17,6698.59,6672.08,6709.46,6657.28,22.08,0.4
266,2018-08-16,6672.08,6617.2,6672.08,6617.2,22,0.82
267,2018-08-15,6617.83,6694.66,6715.12,6611.85,17.35,-1.15
268,2018-08-14,6694.66,6686.68,6724.96,6661.65,12.5,0.12
269,2018-08-13,6686.68,6681.97,6701.15,6624.01,12.33,0.07
270,2018-08-10,6681.97,6745.64,6745.64,6654.51,21.71,-0.94
271,2018-08-09,6745.64,6761.85,6761.85,6714.34,18.51,-0.24
272,2018-08-08,6761.85,6813.61,6813.61,6757.14,11.15,-0.76
273,2018-08-07,6813.61,6817.28,6847.53,6810.29,15.12,-0.05
274,2018-08-06,6817.28,6790.59,6817.28,6770.26,11.24,0.39
275,2018-08-03,6790.59,6727.08,6791.92,6727.08,23.08,0.94
276,2018-08-02,6727.08,6815.09,6815.09,6727.08,16.52,-1.29
277,2018-08-01,6815.26,6831.98,6864.45,6798.5,20.58,-0.24
278,2018-07-31,6831.98,6839.24,6864.59,6828.42,41.43,-0.11
279,2018-07-30,6839.24,6898.11,6898.11,6839.04,18.45,-0.85
280,2018-07-27,6898.11,6928,6947.05,6897.91,18.15,-0.43
281,2018-07-26,6928,6882.94,6935.72,6882.94,20.44,0.65
282,2018-07-25,6882.94,6885.64,6923.91,6860.82,18.24,-0.04
283,2018-07-24,6885.64,6864.64,6914.73,6864.64,23.31,0.31
284,2018-07-23,6864.64,6935.73,6935.73,6864.64,16.72,-1.02
285,2018-07-20,6935.73,6982.76,6987.26,6883.55,18.68,-0.67
286,2018-07-19,6982.76,7028.99,7029.95,6969.65,70.54,-0.66
287,2018-07-18,7029.18,7028.61,7076.81,7001.92,22.3,0.01
288,2018-07-17,7028.61,7057,7062.73,7016.83,37.5,-0.4
289,2018-07-16,7057,7046.01,7066.87,7025.68,14.24,0.16
290,2018-07-13,7046.01,7024.26,7069.39,7007.15,17.39,0.31
291,2018-07-12,7024.26,6945.37,7026.54,6945.37,23.69,1.14
292,2018-07-11,6945.37,6989.93,6989.93,6927.98,17.61,-0.64
293,2018-07-10,6989.93,7013.12,7013.12,6974.26,21.22,-0.33
294,2018-07-09,7013.12,7001.49,7034.78,7001.49,12.71,0.17
295,2018-07-06,7001.49,6969.09,7001.49,6962.29,13.13,0.46
296,2018-07-05,6969.09,6974.22,6997.92,6950.45,19.18,-0.09
297,2018-07-04,6975.16,6943,6975.18,6923.59,10.09,0.46
298,2018-07-03,6943,6927.22,6981.66,6927.22,36.45,0.23
299,2018-07-02,6927.22,6982.83,6982.83,6919.71,20.56,-0.8
300,2018-06-29,6982.83,6953.15,7020.49,6953.15,24.5,0.43
301,2018-06-28,6953.15,7018.74,7019.83,6943.7,22.38,-0.93
302,2018-06-27,7018.74,6975.56,7056.61,6949.22,16.31,0.62
303,2018-06-26,6975.56,6977.35,7034.85,6974.54,17.91,-0.03
304,2018-06-25,6977.35,7105.36,7105.36,6977.35,29.53,-1.8
305,2018-06-22,7105.36,7061.17,7131.31,7061.17,11.59,0.63
306,2018-06-21,7061.17,7100.25,7133.67,7059.13,9.49,-0.55
307,2018-06-20,7100.5,7063.76,7133.89,7063.76,9.53,0.52
308,2018-06-19,7063.76,7081.41,7089.52,7021.67,9.68,-0.25
309,2018-06-18,7081.41,7128.43,7143.81,7064.13,9.64,-0.66
310,2018-06-15,7128.43,7178.46,7206.88,7125.32,32.28,-0.7
311,2018-06-14,7178.46,7128.66,7203.95,7083.27,30.21,0.7
312,2018-06-13,7128.68,7121.7,7173.72,7107.83,19.94,0.1
313,2018-06-12,7121.7,7149.42,7172.01,7121.7,17.18,-0.39
314,2018-06-11,7149.42,7127.6,7175.79,7127.6,14.36,0.31
315,2018-06-08,7127.6,7136.03,7149.64,7087.18,13.99,-0.12
316,2018-06-07,7136.03,7177.08,7222.01,7136.03,25.59,-0.57
317,2018-06-06,7177.08,7161.98,7224,7151.92,17.82,0.21
318,2018-06-05,7161.98,7182.42,7230.1,7150.32,29.53,-0.28
319,2018-06-01,7182.42,7140.86,7224.11,7140.86,27.1,0.58
320,2018-05-31,7140.86,7115.58,7250,7115.58,69.09,0.36
321,2018-05-30,7115.58,7126.77,7153.92,7101.56,28.34,-0.16
322,2018-05-29,7126.77,7184.65,7184.65,7114.39,33.25,-0.81
323,2018-05-28,7184.65,7171.32,7250.34,7171.32,12.2,0.19
324,2018-05-25,7171.32,7143.08,7196.96,7129.32,30.45,0.4
325,2018-05-24,7143.08,7141.3,7186.88,7126.42,24.45,-0.01
326,2018-05-23,7143.48,7196.68,7211.86,7142.59,18.58,-0.74
327,2018-05-22,7196.68,7181.25,7219.43,7169.78,18.05,0.21
328,2018-05-21,7181.25,7096.06,7184.59,7091.4,16.44,1.2
329,2018-05-18,7096.06,7081.83,7127.24,7073,23.01,0.2
330,2018-05-17,7081.83,7006.42,7081.83,6996.71,34.99,1.06
331,2018-05-16,7007.36,6990.7,7042.92,6987.48,35.11,0.24
332,2018-05-15,6990.7,7010.48,7052.63,6990.7,42.68,-0.28
333,2018-05-14,7010.48,6961.59,7027.34,6925.18,24.06,0.7
334,2018-05-11,6961.59,6991.39,7010.96,6958.91,17,-0.43
335,2018-05-10,6991.39,6982.71,7000.63,6956.79,28.56,0.11
336,2018-05-09,6983.53,6949.35,6983.74,6928.36,28.32,0.49
337,2018-05-08,6949.35,6864.59,6949.35,6863.91,27.32,1.23
338,2018-05-04,6864.59,6795.87,6865.77,6795.87,15.07,1.01
339,2018-05-03,6795.87,6843.74,6843.74,6772.35,37.26,-0.71
340,2018-05-02,6844.53,6797.37,6857.38,6782.54,29.62,0.69
341,2018-05-01,6797.37,6805.19,6833.96,6773.44,5.87,-0.11
342,2018-04-30,6805.19,6798.38,6828.05,6788.96,14.25,0.1
343,2018-04-27,6798.38,6810.53,6810.53,6772.12,26.78,-0.18
344,2018-04-26,6810.53,6756.67,6812.94,6719.86,25.35,0.8
345,2018-04-25,6756.67,6774.45,6781.38,6711.16,35.27,-0.26
346,2018-04-24,6774.45,6841.26,6841.26,6735.8,30.92,-0.98
347,2018-04-23,6841.26,6827.72,6852.65,6792.76,27.81,0.2
348,2018-04-20,6827.72,6782.81,6842.52,6764.04,22.6,0.66
349,2018-04-19,6782.81,6751.24,6783.88,6724.08,16.7,0.28
350,2018-04-18,6763.63,6704.75,6775.44,6685.71,30.27,0.88
351,2018-04-17,6704.75,6709.89,6720.23,6683.29,21.09,-0.08
352,2018-04-16,6709.89,6638.13,6718.04,6638.13,13.94,1.08
353,2018-04-13,6638.13,6641.22,6672.86,6629.76,20.04,-0.05
354,2018-04-12,6641.22,6559.54,6642.82,6559.54,22.31,0.94
355,2018-04-11,6579.27,6638.33,6642.78,6575.57,23.87,-0.89
356,2018-04-10,6638.33,6635.77,6653.05,6615.88,19.35,0.04
357,2018-04-09,6635.77,6632.48,6683.66,6632.48,16.45,0.05
358,2018-04-06,6632.48,6673.2,6683.04,6632.48,19.25,-0.61
359,2018-04-05,6673.2,6545.06,6685.55,6545.06,17.29,1.95
360,2018-04-04,6545.75,6580.97,6589.51,6524.73,23.09,-0.54
361,2018-04-03,6580.97,6593.65,6593.65,6525.24,25.8,-0.19
362,2018-03-29,6593.65,6549.19,6612.8,6540.02,21.4,0.68
363,2018-03-28,6549.21,6517.03,6574.87,6475.75,28.17,0.49
364,2018-03-27,6517.03,6446.45,6533.42,6446.45,16.11,1.09
365,2018-03-26,6446.45,6514.91,6522.6,6432.36,25.19,-1.05
366,2018-03-23,6514.91,6517.18,6523.1,6410.26,25.83,-0.03
367,2018-03-22,6517.18,6592.15,6605.13,6501.09,27.07,-1.28
368,2018-03-21,6601.7,6625.77,6644.94,6591,34.24,-0.36
369,2018-03-20,6625.77,6670.55,6677.43,6619.21,29.41,-0.67
370,2018-03-19,6670.55,6693.94,6695.37,6655.43,12.75,-0.35
371,2018-03-16,6693.94,6707.76,6724.34,6680.18,35.33,-0.21
372,2018-03-15,6707.76,6674.92,6709.28,6654.38,21.23,0.46
373,2018-03-14,6677.25,6676.25,6714.55,6666.16,20.55,0.01
374,2018-03-13,6676.25,6738.97,6738.97,6675.12,21.98,-0.93
375,2018-03-12,6738.97,6744.94,6787.46,6721.94,22.58,-0.09
376,2018-03-09,6744.94,6753.49,6759.83,6729.45,15.3,-0.13
377,2018-03-08,6753.49,6706.95,6753.49,6686.5,23.34,0.25
378,2018-03-07,6736.55,6701.02,6736.55,6665.54,27.29,0.53
379,2018-03-06,6701.02,6611.86,6750.27,6611.86,23.85,1.35
380,2018-03-05,6611.86,6668.24,6668.24,6469.04,21.71,-0.85
381,2018-03-01,6668.24,6681.49,6729.27,6647.84,13.01,-0.23
382,2018-02-28,6683.39,6730.58,6730.58,6673.29,20.8,-0.7
383,2018-02-27,6730.58,6738.27,6764.86,6708.76,19.32,-0.11
384,2018-02-26,6738.27,6722.27,6756.74,6719.06,15.1,0.24
385,2018-02-23,6722.27,6772.76,6772.76,6715.89,20.36,-0.75
386,2018-02-22,6772.76,6791.34,6791.34,6727.47,17.22,-0.27
387,2018-02-21,6791.34,6815.71,6815.71,6748.11,19.99,-0.36
388,2018-02-20,6815.71,6797.74,6836.5,6768.96,27.45,0.26
389,2018-02-19,6797.74,6833.41,6863.97,6784.8,10.37,-0.52
390,2018-02-16,6833.41,6778.12,6852.54,6778.12,18.38,0.82
391,2018-02-15,6778.12,6722.75,6792.13,6720.46,45.62,0.82
392,2018-02-14,6722.75,6700.01,6723.03,6636.04,29.15,0.34
393,2018-02-13,6700.01,6677.91,6710.29,6639.02,23.14,0.33
394,2018-02-12,6677.91,6599.67,6716.9,6599.67,21.3,1.19
395,2018-02-09,6599.67,6650.86,6687.48,6570.87,28.76,-0.77
396,2018-02-08,6650.86,6753.19,6766.1,6645.48,32.98,-1.52
397,2018-02-07,6753.19,6658.71,6785.74,6622.4,28.76,1.42
398,2018-02-06,6658.71,6754.74,6754.74,6585.33,31.93,-1.42
399,2018-02-05,6754.74,6885.23,6885.23,6720.4,41.26,-1.9
400,2018-02-02,6885.23,6946.32,6954.4,6874.93,37.61,-0.88
401,2018-02-01,6946.32,6961.56,7004.04,6921.62,44.56,-0.22
402,2018-01-31,6961.64,6983.47,7026.46,6959.95,22.88,-0.31
403,2018-01-30,6983.47,7059.28,7059.28,6968.8,26.03,-1.07
404,2018-01-29,7059.28,7098.63,7109.82,7059.08,14.76,-0.55
405,2018-01-26,7098.63,7033.76,7101.04,7033.76,15.64,0.92
406,2018-01-25,7033.76,7156.4,7173.22,7022.9,29.93,-1.71
407,2018-01-24,7156.4,7235.11,7245.9,7156.26,29.76,-1.09
408,2018-01-23,7235.11,7157.5,7257.41,7157.5,35.36,1.08
409,2018-01-22,7157.5,7157.12,7171.18,7128.81,19.95,0.01
410,2018-01-19,7157.12,7073.37,7157.12,7061.14,51.55,1.18
411,2018-01-18,7073.37,7051.74,7090.23,7039.91,23.02,0.31
412,2018-01-17,7051.74,7066.95,7080.81,7018.53,28.06,-0.22
413,2018-01-16,7066.95,7092.67,7099.38,7054.87,19.61,-0.36
414,2018-01-15,7092.67,7074.44,7092.67,7025.51,16.66,0.26
415,2018-01-12,7074.44,7041.04,7084.6,7016.09,24.49,0.47
416,2018-01-11,7041.04,7102.23,7105.97,7017.85,41.99,-0.86
417,2018-01-10,7102.23,7178.92,7185.77,7061.86,22.61,-1.07
418,2018-01-09,7178.92,7184.09,7223.07,7153.84,60.87,-0.07
419,2018-01-08,7184.09,7174.14,7189.92,7152.54,27.07,0.14
420,2018-01-05,7174.14,7126.57,7178.18,7102.65,38.75,0.67
421,2018-01-04,7126.57,7070.69,7126.57,7070.22,28.57,0.78
422,2018-01-03,7071.23,7054.55,7089.51,7044.97,19.29,0.24
423,2018-01-02,7054.55,7038.28,7061.56,7021.69,16.84,0.23
424,2017-12-29,7038.28,7051.38,7051.38,7021.98,6.96,-0.19
425,2017-12-28,7051.38,7027.82,7051.38,7007.45,9.2,0.34
426,2017-12-27,7027.82,7016.24,7030.51,6990.88,8.77,0.17
427,2017-12-22,7016.24,7011.22,7043.78,7000.26,13.83,0.07
428,2017-12-21,7011.22,6980.9,7011.22,6955.48,18.28,0.43
429,2017-12-20,6980.9,6998.82,7014.48,6963.93,22.68,-0.26
430,2017-12-19,6998.82,6955.52,7010.59,6944.45,21.41,0.62
431,2017-12-18,6955.52,6912.76,6982.44,6912.76,39,0.62
432,2017-12-15,6912.76,6968.88,6999.24,6912.76,53.39,-0.81
433,2017-12-14,6968.88,7014.27,7014.27,6957.7,22.58,-0.65
434,2017-12-13,7014.27,7020.84,7040.77,7006.15,19.44,-0.09
435,2017-12-12,7020.84,7021.52,7034.09,7001,18.14,-0.01
436,2017-12-11,7021.52,7067.17,7067.17,7010.21,16.94,-0.65
437,2017-12-08,7067.17,6994.64,7081.96,6994.64,19.98,1.04
438,2017-12-07,6994.64,6972.57,7019.8,6972.57,15.12,0.32
439,2017-12-06,6972.57,6957.05,6978.07,6915.1,20.49,0.22
440,2017-12-05,6957.05,6954.8,6983.04,6928.1,23.13,0.03
441,2017-12-04,6954.8,6862.19,6988.09,6862.19,22.48,1.35
442,2017-12-01,6862.19,6867.67,6923.29,6845.98,27.8,-0.08
443,2017-11-30,6867.67,6911.61,6938.46,6862.94,126.41,-0.66
444,2017-11-29,6913.23,6874.93,6946.88,6874.93,28.67,0.56
445,2017-11-28,6874.93,6863.8,6884.16,6848.67,18.3,0.16
446,2017-11-27,6863.8,6875.41,6910.3,6849.01,23.79,-0.17
447,2017-11-24,6875.41,6855.15,6876.23,6831.44,12.65,0.3
448,2017-11-23,6855.15,6879.92,6883.68,6843.94,22.01,-0.36
449,2017-11-22,6879.92,6922.38,6939.74,6879.27,35.84,-0.61
450,2017-11-21,6922.38,6941.25,6967.65,6920.66,20.2,0.11
451,2017-11-20,6914.97,6896.27,6953.06,6885.71,18.63,0.27
452,2017-11-17,6896.27,6839.53,6896.27,6838.1,17.62,0.83
453,2017-11-16,6839.53,6724.17,6847.25,6724.17,20.03,1.71
454,2017-11-15,6724.27,6758.21,6763.28,6684.63,20.19,-0.5
455,2017-11-14,6758.21,6789.1,6813.96,6746.17,31.69,-0.45
456,2017-11-13,6789.1,6877.14,6888.84,6768.17,18.35,-1.28
457,2017-11-10,6877.14,6921.4,6947.26,6877.14,15.87,-0.64
458,2017-11-09,6921.4,6963.48,6985.02,6907.57,29.21,-0.6
459,2017-11-08,6963.48,6904.86,6965.31,6904.86,31.94,0.85
460,2017-11-07,6904.86,6967.47,6996.28,6904.86,15.62,-0.9
461,2017-11-06,6967.47,6984.3,6993.36,6951.98,17.72,-0.24
462,2017-11-03,6984.3,6965.72,6984.3,6936.57,16.16,0.27
463,2017-11-02,6965.72,7009.28,7034.53,6930.41,15.72,-0.64
464,2017-11-01,7010.59,6972.73,7049.24,6972.73,36.7,0.54
465,2017-10-31,6972.73,6912.11,6978.69,6912.11,22.07,0.88
466,2017-10-30,6912.11,6901.33,6920.23,6874.12,16.93,0.16
467,2017-10-27,6901.33,6850.92,6908.86,6835.25,24.06,0.74
468,2017-10-26,6850.92,6721.37,6850.92,6712.83,33.49,1.93
469,2017-10-25,6721.37,6779.5,6779.5,6711.56,39.6,-0.86
470,2017-10-24,6779.5,6824.68,6828.16,6768.97,24.47,-0.66
471,2017-10-23,6824.68,6789.78,6847.83,6786.6,17.76,0.51
472,2017-10-20,6789.78,6747.46,6827.16,6742.96,22.37,0.63
473,2017-10-19,6747.46,6773.58,6773.58,6688.55,20.8,-0.39
474,2017-10-18,6773.58,6784.84,6805.12,6769.36,30.22,-0.17
475,2017-10-17,6784.84,6813.52,6813.52,6768.94,27.89,-0.42
476,2017-10-16,6813.52,6837.22,6863.88,6801.25,27.62,-0.35
477,2017-10-13,6837.22,6820.31,6855.13,6816.81,37.04,0.25
478,2017-10-12,6820.31,6814.48,6846.11,6814.48,25.09,0.05
479,2017-10-11,6816.63,6810.28,6829.19,6797.89,20.49,0.09
480,2017-10-10,6810.28,6817.57,6848.1,6789.31,23.14,-0.11
481,2017-10-09,6817.57,6859.5,6893.82,6816.35,19.92,-0.61
482,2017-10-06,6859.5,6904.92,6910.24,6825.19,22.07,-0.66
483,2017-10-05,6904.92,6942.09,6946.99,6899.25,33.75,-0.54
484,2017-10-04,6942.12,6912.58,6948.52,6895.49,39.86,0.43
485,2017-10-03,6912.58,6879.19,6912.58,6871.87,25.17,0.49
486,2017-10-02,6879.19,6881.75,6903.46,6849.35,25.49,-0.04
487,2017-09-29,6881.75,6826.35,6888.22,6821.18,29.64,0.81
488,2017-09-28,6826.35,6788.25,6828.73,6765.1,23.75,0.47
489,2017-09-27,6794.33,6698.78,6794.42,6698.78,32.37,1.43
490,2017-09-26,6698.78,6711.68,6724.15,6676.11,32.92,-0.19
491,2017-09-25,6711.68,6700.17,6717.02,6672.62,14.59,0.17
492,2017-09-22,6700.17,6719.98,6746.52,6691.85,16.07,-0.29
493,2017-09-21,6719.98,6665.02,6763.16,6665.02,27.28,0.82
494,2017-09-20,6665.5,6683.27,6696.99,6662.08,25.09,-0.27
495,2017-09-19,6683.27,6681.56,6708.6,6658.63,31.27,0.03
496,2017-09-18,6681.56,6675.09,6693.13,6653.66,18.96,0.1
497,2017-09-15,6675.09,6697.31,6697.31,6634.47,83.62,-0.33
498,2017-09-14,6697.31,6733.64,6744.43,6663.13,27.49,-0.54
499,2017-09-13,6733.8,6724.84,6739.52,6711.76,22.52,0.13
500,2017-09-12,6724.84,6699.25,6731.04,6690.24,37.53,0.38
501,2017-09-11,6699.25,6681.82,6732.15,6681.82,12.55,0.26
502,2017-09-08,6681.82,6659.03,6684.83,6635.63,20.9,0.34
503,2017-09-07,6659.03,6655.77,6691.54,6648.7,20.3,-0.11
504,2017-09-06,6666.26,6687.83,6688.38,6644.7,24.19,-0.32
505,2017-09-05,6687.83,6676.38,6717.97,6666.78,16.92,0.17
506,2017-09-04,6676.38,6709.23,6709.23,6670.75,12.81,-0.49
507,2017-09-01,6709.23,6621.19,6710.84,6621.19,10.92,1.33
508,2017-08-31,6621.19,6549.29,6635.64,6549.29,18.39,1.08
509,2017-08-30,6550.71,6514.65,6560.71,6514.65,16.79,0.55
510,2017-08-29,6514.65,6603.14,6622.19,6492.12,18.08,-1.34
511,2017-08-28,6603.14,6643.52,6647.69,6603.14,4.06,-0.61
512,2017-08-25,6643.52,6715.61,6727.89,6634.29,10.85,-1.07
513,2017-08-24,6715.61,6654.36,6741.59,6654.36,19.49,0.84
514,2017-08-23,6659.53,6734.68,6744,6645.53,20.68,-1.12
515,2017-08-22,6734.68,6674.15,6734.68,6674.15,10.69,0.91
516,2017-08-21,6674.15,6705.26,6719.37,6661.1,9.19,-0.46
517,2017-08-18,6705.26,6785.91,6785.91,6673.74,14.3,-1.19
518,2017-08-17,6785.91,6853.23,6855.3,6770.77,25.39,-0.98
519,2017-08-16,6853.23,6783.21,6883.39,6783.21,16.53,1.03
520,2017-08-15,6783.21,6673.31,6783.21,6673.31,21.54,1.65
521,2017-08-14,6673.31,6581.16,6673.31,6578.87,17.65,1.4
522,2017-08-11,6581.16,6618.65,6618.65,6545.78,33.54,-0.57
523,2017-08-10,6618.65,6623.77,6658.91,6611.05,15.8,-0.08
524,2017-08-09,6623.77,6675.45,6675.45,6594.12,15.94,-0.77
525,2017-08-08,6675.45,6685.9,6687.14,6640.87,12.11,-0.16
526,2017-08-07,6685.9,6724.39,6724.96,6659.98,9.34,-0.57
527,2017-08-04,6724.39,6647.57,6728.26,6616.46,17.79,1.16
528,2017-08-03,6647.57,6633.56,6668.5,6626.91,25.04,0.21
529,2017-08-02,6633.56,6691.64,6704.39,6617.08,19.76,-0.87
530,2017-08-01,6691.64,6649.39,6712.33,6634.06,16.51,0.64
531,2017-07-31,6649.39,6663.49,6683.63,6634.45,27.06,-0.21
532,2017-07-28,6663.49,6765.44,6765.44,6646.78,17.86,-1.51
533,2017-07-27,6765.44,6731.5,6773.8,6703.92,26.61,0.5
534,2017-07-26,6731.5,6698.65,6755,6695.26,24.04,0.49
535,2017-07-25,6698.65,6647.41,6735.99,6647.41,42.16,0.77
536,2017-07-24,6647.41,6705.49,6713.34,6605.48,24.33,-0.87
537,2017-07-21,6705.49,6775.05,6781.83,6667.56,45.18,-1.03
538,2017-07-20,6775.05,6876.29,6895.34,6758.71,47.31,-1.47
539,2017-07-19,6876.29,6863.03,6893.68,6844.18,14.26,0.19
540,2017-07-18,6863.03,6911.18,6934,6855.31,17.69,-0.7
541,2017-07-17,6911.18,6893.47,6935.11,6881.26,9.65,0.26
542,2017-07-14,6893.47,6902.56,6906.83,6876.92,15.96,-0.13
543,2017-07-13,6902.56,6895.84,6937.74,6891.5,14.2,0.1
544,2017-07-12,6895.84,6842,6912.79,6842,15.58,0.79
545,2017-07-11,6842,6922.24,6930.67,6842,23.63,-1.16
546,2017-07-10,6922.24,6875.2,6927.28,6863.14,11.84,0.68
547,2017-07-07,6875.21,6851.04,6882.04,6830.33,177.39,0.35
548,2017-07-06,6851.04,6926.13,6934.07,6825.67,150.08,-1.09
549,2017-07-05,6926.77,6904.59,6930.76,6876.4,168.44,0.32
550,2017-07-04,6904.59,6875.54,6919.39,6863.27,114.35,0.42
551,2017-07-03,6875.54,6827.62,6881.14,6827.62,130.59,0.7
552,2017-06-30,6827.62,6820.96,6873.3,6794.88,199.93,0.1
553,2017-06-29,6820.96,6852.53,6900.98,6789.06,174.33,-0.46
554,2017-06-28,6852.53,6874.26,6876.71,6795.29,241,-0.32
555,2017-06-27,6874.26,6998.45,6998.45,6863.62,194.03,-1.77
556,2017-06-26,6998.45,6995.57,7045.83,6990.52,78.37,0.04
557,2017-06-23,6995.57,7088.31,7100.41,6981.02,399.55,-1.31
558,2017-06-22,7088.31,7089.69,7096.51,7042.6,208.85,-0.02
559,2017-06-21,7089.69,7095.31,7100.65,7051.17,155.79,-0.08
560,2017-06-20,7095.31,7063.32,7125.05,7063.32,108.98,0.45
561,2017-06-19,7063.32,7016.55,7100.47,7016.55,63.42,0.67
562,2017-06-16,7016.55,6973.11,7016.55,6963.76,167.71,0.62
563,2017-06-15,6973.11,7015.15,7033.68,6942.76,93.12,-0.6
564,2017-06-14,7015.34,6993.86,7061.65,6982.41,152.72,0.31
565,2017-06-13,6993.86,6949.97,7022.27,6949.97,82.47,0.63
566,2017-06-12,6949.97,7003.23,7009.82,6917.63,59.36,-0.76
567,2017-06-09,7003.23,6990.71,7028.76,6956.79,118.83,0.18
568,2017-06-08,6990.71,6964.3,7005.14,6964.3,212.22,0.38
569,2017-06-07,6964.33,6971.89,6995.46,6952.7,215.85,-0.11
570,2017-06-06,6971.89,7044.84,7044.84,6968.34,67.45,-1.04
571,2017-06-02,7044.84,7056.98,7081.19,7037.2,97.72,-0.17
572,2017-06-01,7056.98,6946.47,7056.98,6938.91,152.56,1.59
573,2017-05-31,6946.59,6995.83,7013.18,6932.62,141.33,-0.7
574,2017-05-30,6995.83,6972.3,6998.2,6910.78,126.13,0.34
575,2017-05-29,6972.3,6973.83,6999.22,6960.43,13.37,-0.02
576,2017-05-26,6973.83,6971.76,6982.91,6917.81,44.44,0.03
577,2017-05-25,6971.76,6968.72,7019.83,6946.39,64.73,0
578,2017-05-24,6971.78,6949.3,6978.81,6912.81,116.16,0.32
579,2017-05-23,6949.3,6928.28,6966.13,6922.49,102.52,0.3
580,2017-05-22,6928.28,6930.76,6992.25,6921.61,134.1,-0.04
581,2017-05-19,6930.76,6868.25,6932.13,6867.82,118.37,0.91
582,2017-05-18,6868.25,6894.84,6915.32,6792.46,126.24,-0.39
583,2017-05-17,6894.84,7015.52,7015.52,6890.21,79.52,-1.72
584,2017-05-16,7015.52,7055.93,7061.33,7011.9,41.58,-0.57
585,2017-05-15,7055.93,7034.13,7062.79,7012.88,60.81,0.31
586,2017-05-12,7034.13,7096.58,7122,7034.13,55.14,-0.88
587,2017-05-11,7096.56,7112.6,7139.99,7072.53,65.18,-0.23
588,2017-05-10,7112.6,7140.56,7140.56,7084.28,148.65,-0.39
589,2017-05-09,7140.56,7105.86,7157.43,7102.89,110.99,0.49
590,2017-05-08,7105.86,7146.76,7154.12,7081.44,195.82,-0.57
591,2017-05-05,7146.76,7065.94,7146.76,7061.88,111.84,1.14
592,2017-05-04,7065.94,6988.72,7065.94,6980.1,259.74,1.1
593,2017-05-03,6989.14,6979.36,6994.98,6949.49,60.72,0.14
594,2017-05-02,6979.36,6860.78,6979.36,6847.92,104.99,1.73
595,2017-04-28,6860.78,6878.02,6888.54,6847.56,221.07,-0.25
596,2017-04-27,6878.02,6915.55,6915.55,6859.24,250.27,-0.62
597,2017-04-26,6921.03,6918.69,6924.13,6889.56,309.87,0.03
598,2017-04-25,6918.69,6946.55,6947.66,6900.59,95.94,-0.4
599,2017-04-24,6946.55,6739.31,6947.02,6739.31,327.4,3.08
600,2017-04-21,6739.31,6717.56,6778.58,6710.83,111.61,0.32
601,2017-04-20,6717.56,6692.2,6727.85,6666.78,87.74,0.24
602,2017-04-19,6701.4,6674.84,6732.98,6660.14,102.47,0.4
603,2017-04-18,6674.84,6692.27,6721.95,6674.21,99.31,-0.26
604,2017-04-13,6692.27,6747.68,6747.68,6692.27,120.84,-0.82
605,2017-04-12,6747.68,6716.26,6764.68,6716.26,125.35,0.47
606,2017-04-11,6716.26,6750.78,6758.01,6700.54,135.67,-0.51
607,2017-04-10,6750.78,6712.28,6750.78,6698.36,57.01,0.57
608,2017-04-07,6712.28,6679.52,6720.34,6643.78,96.01,0.49
609,2017-04-06,6679.52,6643.11,6697.77,6581.36,139.12,0.43
610,2017-04-05,6650.63,6621.41,6677.87,6606.86,82.72,0.44
611,2017-04-04,6621.41,6611.27,6641.08,6579.23,96.3,0.15
612,2017-04-03,6611.27,6658.58,6686.16,6606.71,47.17,-0.71
613,2017-03-31,6658.58,6616.98,6658.58,6578.42,125.52,0.63
614,2017-03-30,6616.98,6574.38,6625.16,6566.44,124.02,0.61
615,2017-03-29,6577.03,6586.51,6615.18,6550.21,46.72,-0.14
616,2017-03-28,6586.51,6562.15,6600.62,6560.65,45.93,0.37
617,2017-03-27,6562.15,6612.34,6612.34,6535.98,54.06,-0.76
618,2017-03-24,6612.34,6641.65,6651.51,6596.72,94.35,-0.44
619,2017-03-23,6641.65,6591.79,6661.58,6591.79,76.65,0.76
620,2017-03-22,6591.81,6660.32,6660.32,6571.62,83.06,-1.03
621,2017-03-21,6660.32,6733.22,6753.19,6660.32,58.98,-1.08
622,2017-03-20,6733.22,6714.74,6753.49,6689.95,39.56,0.28
623,2017-03-17,6714.74,6684.08,6730.3,6670.98,104.55,0.46
624,2017-03-16,6684.08,6643.12,6688.34,6643.12,80.2,0.6
625,2017-03-15,6644.15,6617.57,6663.62,6617.57,61.15,0.4
626,2017-03-14,6617.57,6668.58,6668.58,6607.28,72.18,-0.76
627,2017-03-13,6668.58,6678.48,6679.79,6654.66,45.83,-0.15
628,2017-03-10,6678.48,6658.71,6704.46,6655.24,149.42,0.3
629,2017-03-09,6658.71,6609.4,6668,6608.58,141.1,0.34
630,2017-03-08,6636.08,6600.86,6648.03,6583.42,67.74,0.53
631,2017-03-07,6600.86,6658.7,6658.7,6540.91,54.63,-0.87
632,2017-03-06,6658.7,6672.08,6672.08,6639.68,66.92,-0.2
633,2017-03-03,6672.08,6674.43,6697.35,6636.27,84.46,-0.04
634,2017-03-02,6674.43,6703.86,6718.17,6672.6,94.29,-0.46
635,2017-03-01,6705.05,6546.57,6720.96,6546.57,247.21,2.42
636,2017-02-28,6546.57,6528.11,6576.8,6528.11,113.58,0.28
637,2017-02-27,6528.11,6484.39,6532.9,6474.19,45.89,0.67
638,2017-02-24,6484.39,6533.45,6533.45,6445.3,79.2,-0.75
639,2017-02-23,6533.45,6606.69,6625.96,6533.45,102.49,-1.11
640,2017-02-22,6606.69,6626.95,6665.89,6596.69,177.69,-0.31
641,2017-02-21,6626.95,6549.09,6648.5,6537.04,104.2,1.19
642,2017-02-20,6549.09,6540.23,6580.15,6534.43,45.98,0.14
643,2017-02-17,6540.23,6543.53,6554.76,6502.86,101.77,-0.05
644,2017-02-16,6543.53,6556.46,6574.71,6532.72,67.47,-0.2
645,2017-02-15,6556.46,6531.37,6568.56,6496.32,89.65,0.38
646,2017-02-14,6531.37,6550.59,6550.59,6506.08,66.58,-0.29
647,2017-02-13,6550.59,6477.83,6556.71,6477.83,59.6,1.12
648,2017-02-10,6477.83,6477.16,6501.75,6465.34,60.01,0.01
649,2017-02-09,6477.16,6410.86,6477.16,6403.81,140.93,1.03
650,2017-02-08,6410.86,6395.73,6431.96,6369.05,118.94,0.24
651,2017-02-07,6395.73,6448.48,6453.46,6394.7,57.7,-0.82
652,2017-02-06,6448.48,6510.67,6510.67,6438.62,40.81,-0.96
653,2017-02-03,6510.67,6470.8,6535.36,6470.8,96.88,0.62
654,2017-02-02,6470.8,6455.88,6495.98,6447.38,68.4,0.23
655,2017-02-01,6455.96,6392.39,6504.85,6380.89,71.35,0.99
656,2017-01-31,6392.39,6441.43,6461.84,6392.39,74.42,-0.76
657,2017-01-30,6441.43,6530.8,6551.67,6441.43,59.07,-1.42
658,2017-01-27,6534.03,6531.4,6563.85,6504.4,62.73,0.04
659,2017-01-26,6531.4,6574.54,6582.4,6524.58,156.02,-0.66
660,2017-01-25,6574.54,6511.71,6601.74,6511.71,124.07,0.96
661,2017-01-24,6511.71,6596.42,6596.42,6471.83,102.55,-1.28
662,2017-01-23,6596.42,6622.97,6622.97,6578.63,48.04,-0.4
663,2017-01-20,6622.97,6590.34,6622.97,6572.36,61.67,0.5
664,2017-01-19,6590.34,6541.58,6590.34,6539.36,51.41,0.75
665,2017-01-18,6541.58,6570.47,6598.72,6528.56,77.56,-0.44
666,2017-01-17,6570.47,6578.26,6595.29,6528.77,59.83,-0.12
667,2017-01-16,6578.26,6658.95,6658.95,6564.5,53.45,-1.21
668,2017-01-13,6658.95,6605.19,6658.95,6605.19,53.48,0.81
669,2017-01-12,6605.19,6618.35,6642.87,6595.31,88.13,-0.2
670,2017-01-11,6618.35,6601.56,6644.06,6586.57,69.87,0.25
671,2017-01-10,6601.56,6574.49,6613.45,6554.37,60.36,0.41
672,2017-01-09,6574.49,6594.32,6594.32,6538.27,67.82,-0.3
673,2017-01-06,6594.32,6617.76,6623.94,6575.8,43.09,-0.35
674,2017-01-05,6617.76,6579.88,6636.8,6548.41,99.05,0.57
675,2017-01-04,6580.23,6525.07,6580.23,6517.87,132.05,0.85
676,2017-01-03,6525.07,6517.24,6585.56,6506.79,86.2,0.12
677,2016-12-30,6517.24,6509.45,6520.57,6465.04,22.67,0.12
678,2016-12-29,6509.45,6490.69,6512.46,6445.62,32.19,0.29
679,2016-12-28,6490.69,6515.99,6515.99,6480.92,41.31,-0.39
680,2016-12-23,6515.99,6487.66,6516.98,6456,18.3,0.44
681,2016-12-22,6487.66,6449.75,6487.66,6428.54,39.37,0.59
682,2016-12-21,6449.75,6477.67,6486.17,6433.78,63.15,-0.43
683,2016-12-20,6477.67,6494.86,6503.19,6437.46,46.28,-0.26
684,2016-12-19,6494.86,6495.46,6498.75,6448.12,63.81,-0.01
685,2016-12-16,6495.46,6471.3,6505.6,6422.53,129.68,0.37
686,2016-12-15,6471.52,6361.46,6471.52,6361.46,112.15,1.73
687,2016-12-14,6361.46,6412.96,6418.24,6354.62,142.21,-0.8
688,2016-12-13,6412.96,6395.02,6432.02,6388.36,75.69,0.28
689,2016-12-12,6395.02,6440.05,6440.05,6357.64,73.75,-0.7
690,2016-12-09,6440.05,6395.98,6443.98,6370.05,191.44,0.69
691,2016-12-08,6395.98,6297.77,6395.98,6293.75,97.26,1.59
692,2016-12-07,6295.95,6270.64,6324.59,6261.52,101.51,0.4
693,2016-12-06,6270.64,6232.3,6270.64,6188.47,99.06,0.62
694,2016-12-05,6232.3,6174.46,6265.74,6174.46,60.51,0.94
695,2016-12-02,6174.46,6188.13,6196.61,6144.94,75.62,-0.22
696,2016-12-01,6188.13,6214.29,6214.69,6162.8,100.61,-0.45
697,2016-11-30,6215.8,6224.19,6268.16,6213.39,318.42,-0.13
698,2016-11-29,6224.19,6208.45,6234.41,6167.89,84.28,0.25
699,2016-11-28,6208.45,6279.69,6284.95,6196.7,57.43,-1.13
700,2016-11-25,6279.69,6292.89,6304.29,6269.9,52.36,-0.21
701,2016-11-24,6292.89,6252.18,6303.33,6252.18,29.4,0.65
702,2016-11-23,6252.18,6274.22,6305.6,6226.42,63.68,-0.35
703,2016-11-22,6274.22,6258.77,6331.04,6258.77,54.75,0.25
704,2016-11-21,6258.7,6294.21,6328.51,6228.88,72.2,-0.56
705,2016-11-18,6294.21,6276.43,6307.25,6270.02,93.96,0.28
706,2016-11-17,6276.43,6179.16,6276.43,6110.96,89.56,1.57
707,2016-11-16,6179.16,6259.19,6288.6,6168.36,132.66,-1.28
708,2016-11-15,6259.19,6277.51,6310.62,6239.22,133.03,-0.29
709,2016-11-14,6277.51,6215.77,6301.55,6215.77,102.62,0.99
710,2016-11-11,6215.77,6229.69,6282.69,6205.81,127.13,-0.22
711,2016-11-10,6229.69,6231.44,6378.32,6215.89,119.71,-0.03
712,2016-11-09,6231.52,6086.88,6244.16,5980.89,110.91,2.38
713,2016-11-08,6086.88,6029.76,6107.22,6029.76,64.26,0.95
714,2016-11-07,6029.76,5919.05,6064.68,5919.05,71.89,1.87
715,2016-11-04,5919.05,5923.12,5941.82,5883.43,48.31,-0.07
716,2016-11-03,5923.12,5908.27,5950.13,5887.62,102,0.23
717,2016-11-02,5909.4,5866.34,5933.43,5866.34,62.37,0.73
718,2016-11-01,5866.34,5912.77,5925.28,5850.89,43.3,-0.79
719,2016-10-31,5912.77,5932.18,5940.67,5900.57,84.19,-0.33
720,2016-10-28,5932.18,5921.46,5936.12,5871.43,138.78,0.18
721,2016-10-27,5921.46,5962.44,5988.98,5894.26,111.44,-0.69
722,2016-10-26,5962.44,5969.85,5971.71,5918.73,47.63,-0.12
723,2016-10-25,5969.85,6035.26,6057.33,5963.63,69.39,-1.08
724,2016-10-24,6035.26,6035.81,6088.33,6015.36,64.26,-0.01
725,2016-10-21,6035.81,6055.3,6079,6023.47,103.16,-0.32
726,2016-10-20,6055.3,6000.14,6055.52,6000.14,361.63,0.92
727,2016-10-19,6000.14,6006.38,6006.38,5954.7,127.05,-0.1
728,2016-10-18,6006.38,5894.56,6006.38,5888.95,91.08,1.9
729,2016-10-17,5894.56,5907.81,5907.81,5851.67,67.98,-0.22
730,2016-10-14,5907.81,5813.76,5916.82,5813.76,70.86,1.62
731,2016-10-13,5813.76,5827,5827,5769.1,67.31,-0.26
732,2016-10-12,5828.83,5857.33,5886.52,5828.83,54.87,-0.49
733,2016-10-11,5857.33,5869.66,5903.79,5843.98,72.26,-0.21
734,2016-10-10,5869.66,5839.16,5876.72,5796.46,28.13,0.52
735,2016-10-07,5839.16,5983.65,5983.65,5836.15,51.19,-2.41
736,2016-10-06,5983.65,6017.13,6017.13,5972.53,62.72,-0.59
737,2016-10-05,6019.24,6066.11,6066.11,6002.64,48.94,-0.77
738,2016-10-04,6066.11,6032.71,6118.26,6027.58,50.47,0.55
739,2016-10-03,6032.71,6034.83,6050.11,6014.52,48.37,-0.04
740,2016-09-30,6034.83,5998.05,6034.83,5898.99,137.25,0.61
741,2016-09-29,5998.05,6035.9,6063.91,5982.72,36.6,-0.68
742,2016-09-28,6039.39,5990.69,6068.11,5988.65,67.23,0.81
743,2016-09-27,5990.69,6014.94,6050.97,5943.92,78.73,-0.4
744,2016-09-26,6014.94,6108.86,6116.77,6014.94,119.31,-1.54
745,2016-09-23,6108.86,6153.75,6156.46,6100.28,44.08,-0.73
746,2016-09-22,6153.75,6094.08,6167.11,6094.08,56.71,0.97
747,2016-09-21,6094.49,6076.89,6138.65,6076.89,129.1,0.29
748,2016-09-20,6076.89,6109.16,6121.82,6074.73,47.55,-0.53
749,2016-09-19,6109.16,6111.45,6120.32,6074.46,40.52,-0.04
750,2016-09-16,6111.45,6128.81,6138.22,6079.39,178.39,-0.28
751,2016-09-15,6128.81,6101,6139.62,6083.4,80.46,0.45
752,2016-09-14,6101.31,6111.06,6147.03,6098.56,82.91,-0.16
753,2016-09-13,6111.06,6138.02,6181.26,6103.5,67.95,-0.44
754,2016-09-12,6138.02,6182.62,6182.62,6068.58,67.12,-0.72
755,2016-09-09,6182.62,6289.55,6289.55,6180.49,118.38,-1.66
756,2016-09-08,6286.73,6265.96,6308.03,6236.43,71,0.12
757,2016-09-07,6279.33,6265.53,6279.33,6231.89,63.49,0.22
758,2016-09-06,6265.53,6315.06,6329.9,6250.06,35.07,-0.78
759,2016-09-05,6315.06,6299.31,6315.06,6275.87,39.48,0.25
760,2016-09-02,6299.31,6189.99,6299.31,6188.28,47.48,1.77
761,2016-09-01,6189.99,6169.07,6221.71,6169.07,88.61,0.32
762,2016-08-31,6170.42,6202.77,6218.61,6162.23,132.74,-0.52
763,2016-08-30,6202.77,6214.36,6235.38,6188.41,72.09,-0.19
764,2016-08-29,6214.36,6170.2,6214.36,6117.36,20.08,0.72
765,2016-08-26,6170.2,6118,6176.19,6093.46,32.53,0.85
766,2016-08-25,6118,6128.27,6174.4,6111.37,88.53,-0.18
767,2016-08-24,6128.95,6113.7,6131.81,6068.02,98.82,0.25
768,2016-08-23,6113.7,6064.08,6130.11,6064.08,60.96,0.82
769,2016-08-22,6064.08,6042.89,6105.55,6024.24,71.46,0.35
770,2016-08-19,6042.89,6069.49,6082.5,6032.45,36.53,-0.44
771,2016-08-18,6069.49,6040.8,6128.46,6040.8,76.15,0.47
772,2016-08-17,6040.8,6035.05,6111.75,6035.05,34.88,0.1
773,2016-08-16,6035.05,6045.83,6045.83,5977.91,41.94,-0.18
774,2016-08-15,6045.83,6052.59,6078.19,6030.43,67.46,-0.11
775,2016-08-12,6052.59,5989.75,6052.59,5979.15,32.6,1.05
776,2016-08-11,5989.75,5909.33,5989.75,5909.33,30.98,1.36
777,2016-08-10,5909.33,5960.13,5960.13,5909.33,74.19,-0.85
778,2016-08-09,5960.13,5895.08,5963.67,5887.12,150.17,1.1
779,2016-08-08,5895.08,5857.9,5906,5856.22,86.43,0.63
780,2016-08-05,5857.9,5756.26,5868.72,5729.97,68.28,1.77
781,2016-08-04,5756.26,5714.33,5763.1,5711.5,70.14,0.73
782,2016-08-03,5714.39,5722.68,5746.82,5713.27,198.57,-0.14
783,2016-08-02,5722.68,5800.95,5800.95,5722.68,167.24,-1.35
784,2016-08-01,5800.95,5868.33,5877.58,5794.89,90.78,-1.14
785,2016-07-29,5867.64,5804.47,5867.64,5804.47,94.97,1.09
786,2016-07-28,5804.47,5817.98,5862.26,5803.68,67.82,-0.23
787,2016-07-27,5817.98,5790.39,5843.93,5783.73,46.93,0.48
788,2016-07-26,5790.39,5839.38,5839.38,5774.41,92.03,-0.84
789,2016-07-25,5839.38,5808.02,5886.63,5808.02,51.82,0.54
790,2016-07-22,5808.02,5814.65,5876.04,5805.29,62.09,-0.11
791,2016-07-21,5814.65,5876.5,5876.5,5791.01,72.23,-1.05
792,2016-07-20,5876.5,5805.87,5880.43,5805.87,51.12,1.22
793,2016-07-19,5805.87,5817.57,5840.96,5786.06,61.24,-0.2
794,2016-07-18,5817.57,5790.94,5836.28,5781.96,54.39,0.46
795,2016-07-15,5790.94,5844.94,5844.94,5767.99,83.64,-0.92
796,2016-07-14,5844.94,5781.76,5859.61,5762.99,90.49,1.09
797,2016-07-13,5781.76,5753.08,5807.17,5743,72.65,0.5
798,2016-07-12,5753.08,5688.93,5758.55,5688.93,100.88,1.13
799,2016-07-11,5688.93,5580.42,5708.17,5580.42,116.59,1.94
800,2016-07-08,5580.42,5495.06,5589.14,5491.74,135.99,1.55
801,2016-07-07,5495.06,5425.58,5542.77,5425.58,122.36,1.28
802,2016-07-06,5425.58,5522.29,5522.29,5392.5,132.44,-1.75
803,2016-07-05,5522.29,5669.76,5717.83,5519.15,91.67,-2.6
804,2016-07-04,5669.76,5749.96,5790.13,5665.98,103.57,-1.39
805,2016-07-01,5749.96,5642.49,5763.9,5642.49,138.31,1.9
806,2016-06-30,5642.49,5588.54,5655.94,5570.45,206.81,0.97
807,2016-06-29,5588.54,5446.45,5591.33,5446.45,221.46,2.61
808,2016-06-28,5446.45,5296.74,5509.09,5296.74,216.91,2.83
809,2016-06-27,5296.74,5878.23,5878.23,5296.74,536.52,-9.89
810,2016-06-24,5878.23,6371.03,6371.03,5286.65,668.67,-7.74
811,2016-06-23,6371.03,6290.58,6427.31,6286.43,121.52,1.28
812,2016-06-22,6290.58,6253.8,6302.33,6227.16,88.89,0.59
813,2016-06-21,6253.8,6263.94,6288.55,6237.63,79.95,-0.16
814,2016-06-20,6263.94,5991.51,6270.08,5991.51,82.89,4.55
815,2016-06-17,5991.51,5899.32,6017.92,5899.32,219.5,1.56
816,2016-06-16,5899.32,6003.77,6003.77,5880.3,174.54,-1.74
817,2016-06-15,6003.94,5977.21,6055.83,5977.21,133.1,0.45
818,2016-06-14,5977.21,6085.42,6085.42,5972.34,185.26,-1.78
819,2016-06-13,6085.42,6228.24,6228.24,6085.42,86.48,-2.29
820,2016-06-10,6228.24,6358.14,6358.14,6224.47,52.44,-2.04
821,2016-06-09,6358.14,6413.56,6417.09,6334.17,68.13,-0.86
822,2016-06-08,6413.56,6475.06,6475.06,6404.75,84,-0.95
823,2016-06-07,6475.06,6402.55,6478.04,6402.55,96.1,1.13
824,2016-06-03,6402.55,6435.54,6499.63,6383.42,89.24,-0.51
825,2016-06-02,6435.54,6435.74,6437.73,6407.6,96.77,0
826,2016-06-01,6435.74,6493.46,6493.46,6399.14,59.24,-0.89
827,2016-05-31,6493.46,6502.27,6517.19,6477.04,253.42,-0.14
828,2016-05-30,6502.27,6503.74,6518.62,6402.11,24.89,-0.02
829,2016-05-27,6503.74,6454.48,6503.74,6415.38,114.06,0.76
830,2016-05-26,6454.48,6471.66,6471.66,6437.5,77.41,-0.28
831,2016-05-25,6472.85,6388.08,6477.49,6379.67,113.28,1.33
832,2016-05-24,6388.08,6262.03,6388.08,6235.21,97.75,2.01
833,2016-05-23,6262.03,6229.15,6278.73,6229.15,42.14,0.53
834,2016-05-20,6229.15,6160.54,6237.89,6160.54,66.19,1.11
835,2016-05-19,6160.54,6187.72,6187.72,6144.19,78.46,-0.48
836,2016-05-18,6190.37,6165.94,6190.37,6125.05,92.42,0.4
837,2016-05-17,6165.94,6158.87,6211.06,6148.33,60.42,0.11
838,2016-05-16,6158.87,6122.47,6159.51,6089.41,22.45,0.59
839,2016-05-13,6122.47,6141.9,6148.48,6080.58,110.23,-0.32
840,2016-05-12,6141.9,6161.6,6206.34,6111.85,84.38,-0.32
841,2016-05-11,6161.6,6166.86,6191.22,6141.16,107.45,-0.09
842,2016-05-10,6166.86,6099.22,6190.33,6099.22,103.63,1.11
843,2016-05-09,6099.22,6038.9,6143.69,6038.9,91.33,1
844,2016-05-06,6038.9,6038.23,6059.65,6011.31,63.03,0.01
845,2016-05-05,6038.23,6017.99,6067.94,6015.83,68.55,0.33
846,2016-05-04,6018.36,6042.16,6060.42,6001.82,218.85,-0.39
847,2016-05-03,6042.16,6161.41,6161.41,6042.16,182.54,-1.94
848,2016-04-29,6161.41,6238.08,6238.08,6145.24,104.33,-1.23
849,2016-04-28,6238.08,6274.53,6274.53,6178.04,155.94,-0.58
850,2016-04-27,6274.67,6223.19,6285.82,6185.42,189.38,0.83
851,2016-04-26,6223.19,6148.11,6231.02,6148.11,138.86,1.22
852,2016-04-25,6148.11,6123.32,6169.18,6123.32,186.47,0.4
853,2016-04-22,6123.32,6150.43,6162.03,6111.98,218.05,-0.44
854,2016-04-21,6150.43,6210.72,6235.53,6131.66,159.21,-1
855,2016-04-20,6212.4,6253.81,6253.81,6187.6,146.33,-0.66
856,2016-04-19,6253.81,6206.89,6266.16,6206.89,158.93,0.76
857,2016-04-18,6206.89,6211.36,6214.83,6155.23,63.72,-0.07
858,2016-04-15,6211.36,6264.02,6264.02,6183.4,186.5,-0.84
859,2016-04-14,6264.02,6272.77,6320.95,6236.39,363.42,-0.32
860,2016-04-13,6284.06,6173.16,6303.64,6173.16,330.69,1.8
861,2016-04-12,6173.16,6196.69,6209.31,6151.87,109.83,-0.38
862,2016-04-11,6196.69,6189.25,6220.92,6152.11,55.9,0.12
863,2016-04-08,6189.25,6157.08,6194.9,6148.87,112.36,0.52
864,2016-04-07,6157.08,6201.9,6215.23,6141.64,101.63,-0.73
865,2016-04-06,6202.26,6222.52,6268.32,6184.97,135.23,-0.33
866,2016-04-05,6222.52,6287.09,6287.09,6212.33,128.23,-1.03
867,2016-04-04,6287.09,6284.43,6354.68,6264.43,110.75,0.04
868,2016-04-01,6284.43,6308.92,6308.92,6231.78,81.03,-0.39
869,2016-03-31,6308.92,6339.67,6364.57,6293.47,124.62,-0.49
870,2016-03-30,6339.93,6295.98,6347.65,6284.82,60.81,0.7
871,2016-03-29,6295.98,6224.82,6295.98,6224.82,56.86,1.14
872,2016-03-24,6224.82,6221.08,6240.11,6196.58,50.84,-0.01
873,2016-03-23,6225.52,6178.95,6228.65,6152.5,46.46,0.75
874,2016-03-22,6178.95,6181.21,6181.21,6096.31,84.06,-0.04
875,2016-03-21,6181.21,6191.51,6213.96,6153.55,63.09,-0.17
876,2016-03-18,6191.51,6141.85,6221.02,6141.85,146.29,0.81
877,2016-03-17,6141.85,6162.86,6189.32,6050.9,109.61,-0.36
878,2016-03-16,6163.79,6176.53,6233.84,6134.05,138.53,-0.45
879,2016-03-15,6191.38,6305.56,6305.56,6178.09,128.82,-1.81
880,2016-03-14,6305.56,6341.75,6425.21,6299.61,91.41,-0.57
881,2016-03-11,6341.75,6189.41,6346.21,6189.41,144.98,2.46
882,2016-03-10,6189.41,6258.24,6361.53,6177.6,145.85,-1.49
883,2016-03-09,6283.19,6269.47,6324.74,6257.34,76.3,0.22
884,2016-03-08,6269.47,6308.57,6308.57,6221.66,67.87,-0.62
885,2016-03-07,6308.57,6363.84,6371.36,6296.07,73.69,-0.87
886,2016-03-04,6363.84,6341.02,6395.95,6331.76,83.95,0.36
887,2016-03-03,6341.02,6378.78,6455.37,6341.02,106.05,-0.59
888,2016-03-02,6378.78,6363.14,6439.28,6352.61,100.89,0.25
889,2016-03-01,6363.14,6344.11,6392.68,6329.41,84.2,0.3
890,2016-02-29,6344.11,6240.29,6344.11,6196.89,95.45,1.66
891,2016-02-26,6240.29,6147.9,6250.21,6147.9,62.7,1.5
892,2016-02-25,6147.9,6062.33,6157.56,6062.33,74.71,1.41
893,2016-02-24,6062.33,6109.2,6131.57,6017.35,97.29,-0.77
894,2016-02-23,6109.2,6162.21,6163.77,6095.03,127.34,-0.86
895,2016-02-22,6162.21,6125.37,6227.35,6125.37,201.64,0.6
896,2016-02-19,6125.37,6130.04,6151.73,6081.34,162.23,-0.08
897,2016-02-18,6130.04,6110.74,6158.85,6084.08,62.1,0.3
898,2016-02-17,6111.5,5922.31,6111.5,5922.31,100.17,3.19
899,2016-02-16,5922.31,5954.69,6006.12,5907.56,83.1,-0.54
900,2016-02-15,5954.69,5793.41,5976.35,5793.41,113.12,2.78
901,2016-02-12,5793.41,5738.81,5833.32,5738.81,126.58,0.95
902,2016-02-11,5738.81,5894.71,5894.71,5728.34,140.72,-2.64
903,2016-02-10,5894.71,5722.34,5935.35,5722.34,189.44,3.01
904,2016-02-09,5722.34,5749.94,5756.13,5611.89,221.94,-0.48
905,2016-02-08,5749.94,6075.71,6124,5733.82,89.45,-5.36
906,2016-02-05,6075.71,6151.32,6208.97,6067.03,129.36,-1.23
907,2016-02-04,6151.32,6228.53,6280.3,6082.97,122.26,-1.24
908,2016-02-03,6228.6,6355.84,6355.84,6206.31,100.62,-2
909,2016-02-02,6355.84,6439.74,6449.1,6316.54,75.21,-1.43
910,2016-02-01,6448.24,6343.24,6448.24,6343.24,57.16,1.66
911,2016-01-29,6343.24,6214.79,6343.24,6214.79,111.12,2.07
912,2016-01-28,6214.79,6338.14,6347.55,6179.19,97.22,-2.01
913,2016-01-27,6341.96,6377.23,6389.96,6280.03,72.89,-0.55
914,2016-01-26,6377.23,6327.06,6387.29,6213.97,86.29,0.79
915,2016-01-25,6327.06,6356.18,6405.55,6314.03,59.65,-0.46
916,2016-01-22,6356.18,6255.35,6393.1,6255.35,91.37,1.61
917,2016-01-21,6255.35,6159.83,6264.67,6159.83,65.14,1.55
918,2016-01-20,6159.83,6366.33,6366.33,6146.61,129.99,-3.24
919,2016-01-19,6366.33,6279.71,6387.96,6279.71,53.63,1.38
920,2016-01-18,6279.71,6322.3,6392.93,6271.84,74.14,-0.67
921,2016-01-15,6322.3,6454.55,6481.46,6249.54,159.32,-2.05
922,2016-01-14,6454.55,6612.98,6612.98,6382.79,98.98,-2.4
923,2016-01-13,6612.98,6629.07,6714.65,6608.47,83.63,-0.24
924,2016-01-12,6629.07,6554.26,6690.24,6554.26,77.88,1.14
925,2016-01-11,6554.26,6566.45,6602.43,6522.15,46.26,-0.19
926,2016-01-08,6566.45,6563.78,6643.28,6563.78,89.46,0.04
927,2016-01-07,6563.78,6686.81,6686.81,6483.58,88.58,-1.85
928,2016-01-06,6687.16,6736.1,6759,6639.68,53.27,-0.73
929,2016-01-05,6736.1,6704.91,6769.9,6704.91,39.93,0.47
930,2016-01-04,6704.91,6791.68,6791.68,6668.15,54.83,-1.28
931,2015-12-31,6791.68,6856.61,6866.51,6791.68,8.34,-0.95
932,2015-12-30,6856.61,6841.31,6861.3,6815.64,16.1,0.22
933,2015-12-29,6841.31,6746.72,6848.81,6746.72,28.4,1.4
934,2015-12-24,6746.72,6774.53,6774.53,6728.41,7,-0.41
935,2015-12-23,6774.53,6696.18,6774.53,6696.18,43.74,1.17
936,2015-12-22,6696.18,6712.73,6740.92,6684.46,34.87,-0.25
937,2015-12-21,6712.73,6747.99,6782.25,6707.22,39.4,-0.52
938,2015-12-18,6747.99,6751.34,6751.34,6686.67,112.49,-0.05
939,2015-12-17,6751.34,6653.49,6776.87,6653.49,85.97,1.47
940,2015-12-16,6653.49,6655.97,6677.25,6643.07,45.22,-0.04
941,2015-12-15,6656.32,6591.16,6669.7,6591.16,59.71,1.01
942,2015-12-14,6589.96,6628.15,6711.75,6589.96,66.23,-0.58
943,2015-12-11,6628.15,6684.81,6700.72,6619.27,60.68,-0.85
944,2015-12-10,6684.81,6713.96,6740.85,6667.02,69.98,-0.43
945,2015-12-09,6713.96,6756.2,6783.56,6708.91,56.64,-0.63
946,2015-12-08,6756.2,6847.8,6847.8,6721.42,45.65,-1.34
947,2015-12-07,6847.8,6753.02,6884.33,6753.02,53.33,1.4
948,2015-12-04,6753.02,6751.74,6783.58,6724.73,32.38,0.02
949,2015-12-03,6751.74,6885.21,6921.44,6741.07,99.07,-1.96
950,2015-12-02,6886.56,6851.01,6920.7,6851.01,95.98,0.52
951,2015-12-01,6851.01,6838.22,6858.66,6824.76,99.6,0.18
952,2015-11-30,6838.48,6798.58,6863.77,6790.78,92.87,0.59
953,2015-11-27,6798.58,6811.71,6811.71,6758.53,51.24,-0.19
954,2015-11-26,6811.71,6710.85,6812.65,6710.85,43,1.5
955,2015-11-25,6710.85,6646.12,6754.23,6646.12,175.82,0.97
956,2015-11-24,6646.12,6726.88,6726.88,6600.81,149.11,-1.2
957,2015-11-23,6726.88,6714.37,6731.18,6681.66,331.86,0.19
958,2015-11-20,6714.37,6687.93,6724.55,6669.35,211.25,0.4
959,2015-11-19,6687.93,6554.37,6705.01,6554.37,176.45,2.03
960,2015-11-18,6554.64,6578.54,6578.54,6510.95,80.92,-0.36
961,2015-11-17,6578.54,6490.33,6610.52,6490.33,143.6,1.36
962,2015-11-16,6490.33,6475.76,6498.46,6413.49,39.96,0.22
963,2015-11-13,6475.76,6494.07,6496.56,6448.51,36.15,-0.28
964,2015-11-12,6494.07,6558.61,6578.53,6483.29,62.83,-0.98
965,2015-11-11,6558.61,6533.79,6606.5,6533.79,58.56,0.38
966,2015-11-10,6533.79,6528.33,6564.24,6468.47,54.02,0.08
967,2015-11-09,6528.33,6600.29,6625.42,6522.05,44.08,-1.09
968,2015-11-06,6600.29,6531.46,6666.41,6531.46,76.57,1.05
969,2015-11-05,6531.46,6540.06,6571.85,6487.35,148.26,-0.15
970,2015-11-04,6541.19,6504.54,6547.79,6477.63,320.37,0.56
971,2015-11-03,6504.54,6497.48,6525.52,6482.75,99.9,0.11
972,2015-11-02,6497.48,6391.32,6500.67,6354.41,75.85,1.07
973,2015-10-30,6428.55,6400.5,6428.55,6371.04,115.59,0.44
974,2015-10-29,6400.5,6446.86,6486.14,6384.3,129.77,-0.72
975,2015-10-28,6446.86,6360.63,6448.17,6360.47,61.91,0.91
976,2015-10-27,6388.78,6478.79,6483.17,6388.78,62.55,-1.39
977,2015-10-26,6478.79,6523.82,6529.68,6478.79,44.32,-0.69
978,2015-10-23,6523.82,6415.1,6533.51,6415.1,145.28,1.69
979,2015-10-22,6415.1,6356.68,6415.1,6277.49,61.95,0.92
980,2015-10-21,6356.68,6298.77,6370.45,6279.95,53.81,0.92
981,2015-10-20,6298.77,6287.15,6315.5,6258.4,61.67,0.18
982,2015-10-19,6287.15,6287.26,6298.91,6225.44,89.77,0
983,2015-10-16,6287.26,6234.38,6301.54,6234.38,230.77,0.85
984,2015-10-15,6234.38,6134.52,6240.9,6129,90.21,1.6
985,2015-10-14,6136.2,6151.14,6156.76,6102.94,33.2,-0.24
986,2015-10-13,6151.14,6133.04,6174.14,6115.59,44.95,0.3
987,2015-10-12,6133.04,6136.49,6158.46,6092.64,38.28,-0.06
988,2015-10-09,6136.49,6174.79,6231.51,6130.38,72.41,-0.62
989,2015-10-08,6174.79,6181.13,6217.13,6161.2,51.36,-0.1
990,2015-10-07,6180.8,6287.64,6288.05,6178.52,121.42,-1.7
991,2015-10-06,6287.64,6266.21,6343.4,6245.53,133.5,0.34
992,2015-10-05,6266.21,6091.26,6281.74,6091.26,100.88,2.87
993,2015-10-02,6091.26,6133.23,6185.22,6038.28,82.51,-0.68
994,2015-10-01,6133.23,6163.99,6254.01,6120.82,71.34,-0.55
995,2015-09-30,6167.41,6055.96,6170.18,6055.96,62,1.84
996,2015-09-29,6055.96,6222.96,6222.96,6055.96,47.37,-2.68
997,2015-09-28,6222.96,6304.28,6373.23,6213.49,40.38,-1.29
998,2015-09-25,6304.28,6197.81,6340.33,6197.81,70.07,1.72
999,2015-09-24,6197.81,6379.91,6402.06,6197.81,101.86,-2.87
1000,2015-09-23,6380.69,6359.28,6429.86,6307.31,68.83,0.34
1001,2015-09-22,6359.28,6503.93,6503.93,6352.1,51.62,-2.22
1002,2015-09-21,6503.93,6467.17,6511.06,6453.28,37.31,0.57
1003,2015-09-18,6467.17,6518.63,6518.63,6434.7,141.76,-0.79
1004,2015-09-17,6518.63,6491.68,6525.35,6473.2,70.97,0.41
1005,2015-09-16,6492.26,6470.37,6544.24,6470.37,60.4,0.34
1006,2015-09-15,6470.37,6405.94,6478.68,6405.94,43.65,1.01
1007,2015-09-14,6405.94,6447.56,6488.93,6405.94,60.43,-0.65
1008,2015-09-11,6447.56,6494.76,6512.04,6437.75,36.9,-0.73
1009,2015-09-10,6494.76,6518.46,6536.67,6435.62,36.97,-0.54
1010,2015-09-09,6530.06,6524.97,6620.47,6482.22,68.67,1.93
1011,2015-09-08,6406.56,6355.44,6445.44,6355.44,82.06,0.8
1012,2015-09-07,6355.44,6314.57,6355.44,6311.97,25.5,0.65
1013,2015-09-04,6314.57,6388.92,6388.92,6314.57,204.84,-1.16
1014,2015-09-03,6388.92,6269.43,6388.92,6269.43,49.04,1.85
1015,2015-09-02,6272.66,6260.35,6297.31,6244.78,50.24,0.2
1016,2015-09-01,6260.35,6405.97,6405.97,6203.57,47.56,-2.27
1017,2015-08-31,6405.97,6309.18,6405.97,6309.18,56.81,1.53
1018,2015-08-28,6309.18,6332.15,6346.73,6267.6,47.48,-0.36
1019,2015-08-27,6332.15,6115.49,6336.36,6115.49,68.28,3.54
1020,2015-08-26,6115.53,6094.72,6170.11,6015.85,93.32,0.34
1021,2015-08-25,6094.72,5861.99,6124.83,5861.99,130.12,3.97
1022,2015-08-24,5861.99,6173.99,6173.99,5725.94,113.28,-5.05
1023,2015-08-21,6173.99,6372.2,6372.2,6173.99,83.22,-3.11
1024,2015-08-20,6372.2,6511.87,6511.87,6349.79,88.72,-2.15
1025,2015-08-19,6511.92,6587.42,6587.42,6507.8,63.07,-1.15
1026,2015-08-18,6587.66,6537.8,6592.12,6528.2,71.35,0.76
1027,2015-08-17,6537.8,6520.61,6579.88,6507.99,34.27,0.26
1028,2015-08-14,6520.61,6501.75,6543.25,6478.89,45,0.29
1029,2015-08-13,6501.75,6376.36,6520.93,6376.36,84.68,1.97
1030,2015-08-12,6376.36,6551.89,6551.89,6349.14,74.51,-2.68
1031,2015-08-11,6551.89,6587.33,6601.77,6534.16,37.16,-0.54
1032,2015-08-10,6587.33,6584.17,6665.77,6548.06,36.24,0.05
1033,2015-08-07,6584.17,6608.15,6622.17,6564.21,40.36,-0.36
1034,2015-08-06,6608.15,6701.99,6701.99,6608.15,92.57,-1.42
1035,2015-08-05,6703.38,6631.36,6715.95,6631.36,54.3,1.09
1036,2015-08-04,6631.36,6632.01,6646.54,6609,53.22,-0.01
1037,2015-08-03,6632.01,6512.77,6632.01,6512.77,60.82,1.83
1038,2015-07-31,6512.77,6449.57,6523.26,6449.57,136.31,0.98
1039,2015-07-30,6449.57,6427.69,6478.62,6422.44,97.5,0.34
1040,2015-07-29,6427.75,6380.05,6447.64,6380.05,47.59,0.75
1041,2015-07-28,6380.05,6318.62,6380.56,6310.81,60.81,0.97
1042,2015-07-27,6318.62,6482.53,6482.53,6297.1,43.22,-2.53
1043,2015-07-24,6482.53,6511.65,6539.46,6464.36,45.91,-0.45
1044,2015-07-23,6511.65,6518.07,6556.94,6500.28,46.63,-0.1
1045,2015-07-22,6518.07,6465.4,6538.02,6459.83,145.55,0.81
1046,2015-07-21,6465.4,6502.79,6523.31,6449.09,59.47,-0.57
1047,2015-07-20,6502.79,6480.87,6509.46,6441.56,76.45,0.34
1048,2015-07-17,6480.87,6491.76,6514.89,6475.45,47.19,-0.17
1049,2015-07-16,6491.76,6449.95,6509.26,6437.98,76.88,0.65
1050,2015-07-15,6449.95,6429.43,6449.95,6387.92,69.63,0.32
1051,2015-07-14,6429.43,6381.75,6429.43,6361.76,94.02,0.75
1052,2015-07-13,6381.75,6278.65,6389.22,6278.65,80.64,1.64
1053,2015-07-10,6278.65,6166.27,6278.65,6166.27,88.86,1.82
1054,2015-07-09,6166.27,6045.95,6173.13,6045.95,96.66,1.99
1055,2015-07-08,6045.95,6084.13,6101.47,6045.95,48.82,-0.63
1056,2015-07-07,6084.13,6139.97,6181.94,6071.22,120.73,-0.91
1057,2015-07-06,6139.97,6233.59,6233.59,6139.97,70.45,-1.5
1058,2015-07-03,6233.59,6245.79,6262.76,6214.03,56.91,-0.2
1059,2015-07-02,6245.79,6246.8,6284.99,6237.83,37.15,-0.02
1060,2015-07-01,6246.8,6165.04,6290.44,6165.04,84.16,1.33
1061,2015-06-30,6165.04,6209.14,6209.14,6129.26,108.77,-0.71
1062,2015-06-29,6209.14,6367.67,6367.67,6139.9,98.4,-2.49
1063,2015-06-26,6367.67,6348.14,6372.36,6305.77,85.91,0.31
1064,2015-06-25,6348.14,6354.92,6396.24,6326.83,95.65,-0.11
1065,2015-06-24,6355.16,6385.74,6400.04,6340.85,83.18,-0.48
1066,2015-06-23,6385.74,6333.67,6398.62,6333.67,102.23,0.82
1067,2015-06-22,6333.67,6270.9,6333.67,6270.9,151.87,1
1068,2015-06-19,6270.9,6187.23,6276.26,6176.25,111.94,1.35
1069,2015-06-18,6187.23,6150.21,6187.23,6049.04,84.4,0.6
1070,2015-06-17,6150.36,6172.81,6215.07,6147.76,70.16,-0.36
1071,2015-06-16,6172.81,6168.25,6183.68,6070.93,62.95,0.07
1072,2015-06-15,6168.25,6210.08,6210.08,6136.68,60.25,-0.67
1073,2015-06-12,6210.08,6246.02,6280.29,6171.01,98.3,-0.58
1074,2015-06-11,6246.02,6153.96,6267.82,6153.96,100.91,1.5
1075,2015-06-10,6153.96,6058.3,6163.24,6038.37,113.46,1.58
1076,2015-06-09,6058.3,6081.87,6081.87,6030.82,57.37,-0.39
1077,2015-06-08,6081.87,6102.48,6119.49,6067.94,82.76,-0.34
1078,2015-06-05,6102.48,6142.78,6144.7,6098.12,70.67,-0.66
1079,2015-06-04,6142.78,6184.45,6184.45,6083.15,51.37,-0.69
1080,2015-06-03,6185.33,6170.29,6225.35,6170.29,146.34,0.24
1081,2015-06-02,6170.29,6274.6,6292.52,6170.29,70.9,-1.66
1082,2015-05-29,6274.6,6362.13,6362.13,6271.86,77.94,-1.38
1083,2015-05-28,6362.13,6368.84,6371.75,6333.51,39.92,-0.11
1084,2015-05-27,6369.44,6266.98,6369.44,6266.86,73.06,1.63
1085,2015-05-26,6266.98,6312.79,6358.09,6259.26,67.31,0.07
1086,2015-05-25,6262.71,6273.56,6305.09,6241.57,6.17,-0.17
1087,2015-05-22,6273.56,6267.6,6281.51,6220.62,63.02,0.1
1088,2015-05-21,6267.6,6296.08,6303.1,6249.76,85.69,-0.44
1089,2015-05-20,6295.18,6259.55,6301.06,6213.57,71.94,0.57
1090,2015-05-19,6259.55,6150.9,6270.91,6150.9,58.38,1.77
1091,2015-05-18,6150.9,6161.29,6183.65,6111.14,53.19,-0.57
1092,2015-05-15,6185.97,6158.03,6209.69,6136.73,81.85,0.45
1093,2015-05-14,6158.03,6096.84,6158.03,6060.4,67.79,1
1094,2015-05-13,6096.84,6082.66,6160.77,6082.66,66.04,0.23
1095,2015-05-12,6082.66,6179.24,6179.24,6073.13,63.69,-1.52
1096,2015-05-11,6176.36,6229.62,6261.18,6176.36,74.57,-0.85
1097,2015-05-08,6229.62,6090.26,6237.61,6090.26,59.97,2.29
1098,2015-05-07,6090.26,6042.99,6099.56,5957.17,98.25,0.78
1099,2015-05-06,6043.26,6103.47,6107.88,5994.97,103.12,-0.99
1100,2015-05-05,6103.47,6067.08,6156.05,6067.08,86.55,0.6
1101,2015-05-01,6067.08,6047.15,6090.71,6015.69,22,0.33
1102,2015-04-30,6047.15,6083.1,6150.24,6035.37,124.74,-0.61
1103,2015-04-29,6084.28,6290.39,6303.98,6079.05,193.67,-3.28
1104,2015-04-28,6290.39,6356.91,6365.07,6246.62,166.8,-1.05
1105,2015-04-27,6356.91,6298.36,6356.91,6268.75,159.71,0.93
1106,2015-04-24,6298.36,6264.99,6310.21,6259.23,95,0.53
1107,2015-04-23,6264.99,6273.69,6295.19,6232.85,145.41,-0.15
1108,2015-04-22,6274.67,6305.21,6333.77,6244.03,89.73,-0.48
1109,2015-04-21,6305.21,6254.09,6328.02,6249.03,98.44,0.82
1110,2015-04-20,6254.09,6249.32,6299.88,6246.55,65.61,0.08
1111,2015-04-17,6249.32,6341.51,6341.51,6242.85,114.67,-1.45
1112,2015-04-16,6341.51,6324.2,6363.4,6317.49,92.69,0.27
1113,2015-04-15,6324.2,6263.23,6333.79,6263.23,71.69,0.97
1114,2015-04-14,6263.23,6264.48,6285.24,6244.78,56.02,-0.02
1115,2015-04-13,6264.48,6250.2,6280.87,6228.69,52.66,0.52
1116,2015-04-10,6232.29,6237.58,6238.87,6202.44,57.86,-0.08
1117,2015-04-09,6237.58,6146.88,6241.25,6146.88,58.08,1.31
1118,2015-04-08,6156.92,6132.93,6182.08,6132.59,87.37,0.39
1119,2015-04-07,6132.93,6025.59,6135.78,6025.59,90.64,1.78
1120,2015-04-02,6025.59,6014.48,6039.67,5989.27,75.6,0.13
1121,2015-04-01,6018.03,6019.49,6057.15,5987.46,109.58,-0.02
1122,2015-03-31,6019.49,6101.39,6117.98,6000.71,174.49,-1.34
1123,2015-03-30,6101.39,6006.48,6101.39,5990.44,60.34,1.58
1124,2015-03-27,6006.48,5999.96,6083.46,5995.42,83.98,0.11
1125,2015-03-26,5999.96,6092.65,6092.65,5927.92,150.91,-1.52
1126,2015-03-25,6092.65,6141.39,6177.47,6081.54,176.21,-0.79
1127,2015-03-24,6141.39,6149.22,6159.7,6080.67,116.42,-0.13
1128,2015-03-23,6149.22,6183.88,6185.87,6108.24,84.02,-0.56
1129,2015-03-20,6183.88,6076.7,6185.06,6076.7,117.8,1.76
1130,2015-03-19,6076.7,6075.4,6128.68,6059.18,98.92,0.02
1131,2015-03-18,6075.4,5995.79,6078.98,5988.89,136.88,1.33
1132,2015-03-17,5995.79,6114.42,6114.42,5967.85,69,-1.94
1133,2015-03-16,6114.42,6212.11,6212.11,6110.99,99.56,-1.57
1134,2015-03-13,6212.11,6172.78,6212.11,6154.21,117.71,0.64
1135,2015-03-12,6172.78,6014.7,6173.4,6014.7,138.45,2.56
1136,2015-03-11,6018.45,5935.15,6022.48,5923.43,89.6,1.4
1137,2015-03-10,5935.15,5975.1,6005.74,5915.94,128.84,-0.67
1138,2015-03-09,5975.1,6021.17,6021.17,5945.63,125.84,-0.77
1139,2015-03-06,6021.17,6017.76,6049.69,5993.04,90.97,0.06
1140,2015-03-05,6017.76,5927.68,6017.76,5925.18,115.92,1.07
1141,2015-03-04,5954.25,5893.17,5954.25,5865.11,124.21,1.04
1142,2015-03-03,5893.17,5957.62,5981.82,5881.19,138.3,-1.08
1143,2015-03-02,5957.62,5977.03,5993.92,5925.69,126.02,-0.32
1144,2015-02-27,5977.03,5915.12,5977.03,5915.12,277.37,1.34
1145,2015-02-26,5898.06,5879.08,5911.06,5852.83,72.97,0.32
1146,2015-02-25,5879.08,5868.92,5895.84,5848.26,58,0.17
1147,2015-02-24,5868.92,5872.35,5872.35,5816.92,113.84,-0.06
1148,2015-02-23,5872.35,5768.4,5872.35,5768.4,143.2,1.8
1149,2015-02-20,5768.4,5798.04,5800.94,5745.9,75.81,-0.51
1150,2015-02-19,5798.04,5768.14,5800.49,5736.01,105.71,0.52
1151,2015-02-18,5768.2,5669.04,5782.32,5669.04,178.85,1.75
1152,2015-02-17,5669.04,5691.7,5700.04,5647.72,43.74,-0.4
1153,2015-02-16,5691.7,5710.76,5718.4,5658.86,115.31,-0.33
1154,2015-02-13,5710.76,5721.43,5781.83,5703.04,126.65,-0.19
1155,2015-02-12,5721.43,5651.08,5721.43,5631.99,100.06,0.6
1156,2015-02-11,5687.31,5639.69,5687.31,5636.65,67.01,0.84
1157,2015-02-10,5639.69,5581.83,5648.13,5578.54,105.21,1.04
1158,2015-02-09,5581.83,5613.38,5613.38,5535.42,101.21,-0.56
1159,2015-02-06,5613.38,5597.78,5613.38,5525.08,138.39,0.28
1160,2015-02-05,5597.78,5602.81,5616.58,5576.73,96.16,-0.09
1161,2015-02-04,5602.88,5570.51,5603.66,5562.34,111.01,0.58
1162,2015-02-03,5570.51,5522.54,5636.82,5522.54,170.59,0.87
1163,2015-02-02,5522.54,5471.52,5528.97,5437.39,119.34,0.93
1164,2015-01-30,5471.52,5498.23,5563.22,5461.18,117.88,-0.49
1165,2015-01-29,5498.23,5503.18,5523.13,5462.61,418.83,-0.18
1166,2015-01-28,5508.09,5541.05,5564.03,5482.41,133.92,-0.6
1167,2015-01-27,5541.61,5591.52,5639.89,5520.15,182.33,-0.89
1168,2015-01-26,5591.52,5577.82,5621.78,5548.41,136.08,0.25
1169,2015-01-23,5577.82,5461.97,5632.06,5459.78,187.81,2.12
1170,2015-01-22,5461.97,5390.08,5473.24,5358.42,161.21,1.33
1171,2015-01-21,5390.08,5332.06,5390.08,5309.49,105.58,1.09
1172,2015-01-20,5332.06,5330.82,5354.59,5313.89,92.96,0.02
1173,2015-01-19,5330.82,5284.1,5330.82,5257.62,89.23,0.88
1174,2015-01-16,5284.1,5259.38,5284.1,5176.96,61.82,0.47
1175,2015-01-15,5259.38,5180.6,5259.38,5174.56,120.36,1.52
1176,2015-01-14,5180.6,5226.95,5226.95,5144.33,79.5,-0.98
1177,2015-01-13,5232.01,5118.18,5232.01,5111.51,104.14,2.22
1178,2015-01-12,5118.18,5125.39,5181.41,5109.4,56.81,-0.14
1179,2015-01-09,5125.39,5138.72,5180.2,5108.4,86.31,-0.26
1180,2015-01-08,5138.72,5079.96,5153.59,5079.96,72.56,1.15
1181,2015-01-07,5080.11,5086.19,5129.74,5072.7,44.36,-0.12
1182,2015-01-06,5086.19,5165.01,5167.61,5086.19,68.84,-1.53
1183,2015-01-05,5165.01,5228.69,5259.82,5160.58,43.95,-1.22
1184,2015-01-02,5228.69,5224.56,5278.86,5207.18,44.78,0.08
1185,2014-12-31,5224.56,5213.92,5239.99,5199.63,18.29,0.23
1186,2014-12-30,5212.63,5232.49,5250.28,5203.81,78.79,-0.38
1187,2014-12-29,5232.49,5200.13,5248.65,5188.82,56.7,0.62
1188,2014-12-24,5200.13,5227.84,5240.08,5198.77,13.59,-0.53
1189,2014-12-23,5227.84,5177.69,5228.07,5177.69,92.48,0.97
1190,2014-12-22,5177.69,5168.8,5201.92,5168.14,48.5,0.17
1191,2014-12-19,5168.8,5157.75,5204.11,5114.03,104.29,0.21
1192,2014-12-18,5157.75,5039.44,5165.97,5039.44,111.42,2.35
1193,2014-12-17,5039.32,5001.44,5051.73,4967.45,307.87,0.76
1194,2014-12-16,5001.44,4955.58,5002.07,4911.47,72.26,0.93
1195,2014-12-15,4955.58,5074.31,5096.33,4955.58,42.22,-2.34
1196,2014-12-12,5074.31,5173.85,5173.85,5074.31,47.37,-1.92
1197,2014-12-11,5173.85,5147.95,5173.85,5108.41,51.23,0.5
1198,2014-12-10,5147.95,5167.83,5215.48,5139.98,36.9,-0.38
1199,2014-12-09,5167.83,5294.09,5294.09,5148.91,62.6,-2.38
1200,2014-12-08,5293.64,5325.15,5325.15,5286.23,37.14,-0.59
1201,2014-12-05,5325.15,5220.86,5325.15,5220.86,61.98,2
1202,2014-12-04,5220.86,5156.57,5266.94,5156.57,66.4,1.25
1203,2014-12-03,5156.57,5099.64,5159.5,5093.62,48.22,1.12
1204,2014-12-02,5099.64,5066.41,5125.53,5066.41,117.92,0.66
1205,2014-12-01,5066.41,5071.58,5087.99,5049.94,71.6,-0.1
1206,2014-11-28,5071.58,5078.36,5109.1,5048.22,92.79,-0.13
1207,2014-11-27,5078.36,4999.31,5078.36,4989.28,32.56,1.57
1208,2014-11-26,5000,5036.81,5041.63,4987.49,35.18,-0.73
1209,2014-11-25,5036.81,5000.99,5039.74,4984.73,129.49,0.72
1210,2014-11-24,5000.99,4970.47,5002.44,4945.2,51.28,0.61
1211,2014-11-21,4970.47,4886.42,4983.74,4869.03,50.44,1.72
1212,2014-11-20,4886.42,4862.74,4886.42,4843.47,50.9,0.49
1213,2014-11-19,4862.79,4809.19,4872.8,4797.45,55.93,1.11
1214,2014-11-18,4809.19,4779.41,4809.19,4768.58,90.44,0.62
1215,2014-11-17,4779.41,4744.78,4779.41,4715.45,79.54,0.73
1216,2014-11-14,4744.78,4777.98,4792.34,4739.33,54.08,-0.69
1217,2014-11-13,4777.98,4785.71,4818.31,4758.65,59.91,-0.16
1218,2014-11-12,4785.76,4831.97,4847.84,4785.76,50.41,-0.96
1219,2014-11-11,4831.97,4831.38,4866.63,4808.1,31.45,0.01
1220,2014-11-10,4831.38,4827.66,4831.38,4797.98,31.38,0.08
1221,2014-11-07,4827.66,4899.74,4923.81,4814.54,91.96,-1.47
1222,2014-11-06,4899.74,4889.24,4935.54,4880.42,101.5,0.19
1223,2014-11-05,4890.37,4812.71,4928.65,4812.71,82.51,1.61
1224,2014-11-04,4812.71,4824.99,4851.04,4802.86,74.01,-0.25
1225,2014-11-03,4824.99,4812.93,4863.13,4812.72,35.14,1.3
1226,2014-10-31,4763.13,4666.17,4784.03,4666.17,120.35,2.08
1227,2014-10-30,4666.17,4661.03,4688.77,4614.99,38.88,0.11
1228,2014-10-29,4661.03,4683.66,4707.15,4654.49,62.74,-0.6
1229,2014-10-28,4689.25,4668.81,4717.17,4668.81,29.29,0.44
1230,2014-10-27,4668.81,4666.42,4737.35,4660.06,64.47,0.05
1231,2014-10-24,4666.42,4691.59,4722.75,4655.78,82.51,-0.63
1232,2014-10-23,4695.98,4692.22,4708.85,4634.5,82.84,0.08
1233,2014-10-22,4692.22,4644.84,4707.59,4644.84,69.79,1.02
1234,2014-10-21,4644.84,4514.29,4652.01,4494.86,111.67,2.89
1235,2014-10-20,4514.29,4487.62,4518.74,4476.1,47.8,0.59
1236,2014-10-17,4487.62,4347.73,4494.51,4347.73,69.33,3.22
1237,2014-10-16,4347.73,4379.86,4437.77,4275.26,128.86,-0.77
1238,2014-10-15,4381.39,4497.76,4544.04,4381.39,64.5,-2.59
1239,2014-10-14,4497.76,4462.65,4524.4,4416.18,84.97,0.79
1240,2014-10-13,4462.65,4490.04,4516.26,4455.85,41.99,-0.61
1241,2014-10-10,4490.04,4565.51,4565.51,4487.37,71.28,-1.65
1242,2014-10-09,4565.51,4619.83,4663,4563.65,79.15,-1.18
1243,2014-10-08,4619.91,4691.68,4691.68,4613.21,100.55,-1.53
1244,2014-10-07,4691.68,4817.9,4817.9,4691.68,134.37,-2.62
1245,2014-10-06,4817.9,4790.41,4839.91,4790.41,40.23,0.57
1246,2014-10-03,4790.41,4728.39,4799.07,4728.39,70.38,1.31
1247,2014-10-02,4728.39,4840.45,4842.93,4724.21,52.85,-2.32
1248,2014-10-01,4840.45,4872.06,4894.91,4815.62,52.48,-0.7
1249,2014-09-30,4874.68,4816.88,4885.43,4816.88,147.67,1.2
1250,2014-09-29,4816.88,4826.16,4870.24,4800.46,35.39,-0.19
1251,2014-09-26,4826.16,4825.77,4836.52,4793.92,67.95,0.01
1252,2014-09-25,4825.77,4816.02,4863.77,4803.72,55.35,0.2
1253,2014-09-24,4816.05,4808.83,4834.93,4789.98,93.52,0.15
1254,2014-09-23,4808.83,4860.56,4863.44,4798.15,69,-1.06
1255,2014-09-22,4860.56,4865.99,4900.46,4851.01,57.15,-0.11
1256,2014-09-19,4865.99,4914.92,4938.94,4865.99,272.31,-1
1257,2014-09-18,4914.92,4838.58,4915.38,4838.58,114.45,1.58
1258,2014-09-17,4838.58,4824.35,4858.31,4824.35,64.49,0.28
1259,2014-09-16,4824.9,4859.51,4872.25,4819.23,60.69,-0.71
1260,2014-09-15,4859.51,4901.74,4901.74,4858.53,269.9,-0.86
1261,2014-09-12,4901.74,4889.09,4903.89,4878.93,69.95,0.26
1262,2014-09-11,4889.09,4877.3,4910.53,4877.3,53.78,0.24
1263,2014-09-10,4877.3,4899.37,4906.02,4856.26,143.98,-0.45
1264,2014-09-09,4899.37,4898.97,4907.64,4873.42,320.09,0.01
1265,2014-09-08,4898.97,4961.67,4961.67,4887.06,99.66,-1.12
1266,2014-09-05,4954.24,4950.73,4961.27,4928.73,80.71,0.07
1267,2014-09-04,4950.73,4882.75,4956.02,4859.2,81.65,1.39
1268,2014-09-03,4882.75,4824.45,4889.27,4824.45,145.76,1.15
1269,2014-09-02,4827.36,4822.52,4848.07,4805.45,314.93,0.1
1270,2014-09-01,4822.52,4783.13,4823.38,4780.13,58.63,0.82
1271,2014-08-29,4783.13,4804.42,4836.64,4778.59,375.59,-0.44
1272,2014-08-28,4804.16,4789.67,4809.4,4774.49,270.86,0.3
1273,2014-08-27,4789.67,4749.76,4802.07,4747.84,242.11,0.6
1274,2014-08-26,4760.9,4722.53,4760.9,4716.54,58.55,0.81
1275,2014-08-25,4722.53,4692.02,4734.8,4692.02,28.44,0.65
1276,2014-08-22,4692.02,4697.22,4708.08,4675.86,240.07,-0.11
1277,2014-08-21,4697.22,4657.22,4697.22,4657.22,72.53,0.86
1278,2014-08-20,4657.22,4695.22,4701.98,4656.76,88.36,-0.81
1279,2014-08-19,4695.22,4712.22,4734.99,4695.22,72.73,-0.36
1280,2014-08-18,4712.22,4672.59,4727.49,4672.59,50.77,0.85
1281,2014-08-15,4672.59,4659.4,4714.14,4659.4,133.69,0.28
1282,2014-08-14,4659.4,4615.56,4661.43,4607.71,216.99,0.95
1283,2014-08-13,4615.56,4595.4,4621.97,4589.15,148.01,0.38
1284,2014-08-12,4598.01,4588.26,4615.21,4567.13,92.97,0.21
1285,2014-08-11,4588.26,4530.97,4597.66,4530.97,70,1.26
1286,2014-08-08,4530.97,4550.54,4550.54,4497.23,47.18,-0.43
1287,2014-08-07,4550.54,4558.39,4584.86,4550.54,81.66,-0.17
1288,2014-08-06,4558.39,4586.54,4586.54,4516.28,112.8,-0.61
1289,2014-08-05,4586.54,4602.4,4637.12,4584.53,145.31,-0.34
1290,2014-08-04,4602.4,4614.85,4648.31,4602.4,70.85,-0.27
1291,2014-08-01,4614.85,4656.05,4664.5,4600.27,288.68,-0.71
1292,2014-07-31,4647.79,4717.33,4721.8,4647.62,154.47,-1.47
1293,2014-07-30,4717.33,4749.82,4760.82,4709.43,281.53,-0.69
1294,2014-07-29,4749.89,4719.38,4766.27,4719.38,79.4,0.65
1295,2014-07-28,4719.38,4716.87,4774.9,4716.87,42.45,0.05
1296,2014-07-25,4716.87,4740.83,4756.26,4716.87,125.55,-0.5
1297,2014-07-24,4740.77,4742.49,4742.49,4684.89,137.23,-0.04
1298,2014-07-23,4742.49,4723.98,4744.73,4721.4,60.21,0.39
1299,2014-07-22,4723.98,4677.21,4734.15,4677.21,51.59,1
1300,2014-07-21,4677.21,4700.71,4707.53,4667.75,33.56,-0.5
1301,2014-07-18,4700.71,4734.1,4734.1,4695.58,39.18,-0.71
1302,2014-07-17,4734.1,4764.71,4764.71,4734.1,85.88,-0.64
1303,2014-07-16,4764.71,4707.72,4780.74,4707.72,78.76,1.21
1304,2014-07-15,4707.72,4702.16,4728.95,4695.42,56.88,0.12
1305,2014-07-14,4702.16,4657.14,4726.19,4657.14,56.38,0.97
1306,2014-07-11,4657.14,4646.66,4713.91,4646.66,63.55,0.23
1307,2014-07-10,4646.66,4682.27,4686.61,4630.25,106.27,-0.76
1308,2014-07-09,4682.27,4667.1,4705.15,4667.1,56.66,0.33
1309,2014-07-08,4667.1,4751.69,4757.75,4667.1,124.04,-1.78
1310,2014-07-07,4751.69,4806.41,4825.04,4751.69,67.07,-1.14
1311,2014-07-04,4806.41,4829.99,4847.43,4800.08,56.53,-0.49
1312,2014-07-03,4829.99,4750.55,4838.26,4747.87,57.8,1.67
1313,2014-07-02,4750.55,4751.74,4768.54,4744.92,58.58,-0.03
1314,2014-07-01,4751.74,4699.94,4754.64,4688.99,51.99,1.1
1315,2014-06-30,4699.94,4723.97,4739.94,4695.78,52.92,-0.51
1316,2014-06-27,4723.97,4722.94,4733.07,4710.81,54.87,0.02
1317,2014-06-26,4722.94,4713.31,4749.71,4712.87,48.77,0.2
1318,2014-06-25,4713.31,4741.71,4755.45,4686.09,141.33,-0.6
1319,2014-06-24,4741.71,4764.54,4791.33,4741.71,144.46,-0.48
1320,2014-06-23,4764.54,4812.92,4842.56,4764.54,65.53,-1.01
1321,2014-06-20,4812.92,4872.47,4878.82,4812.92,124.69,-1.22
1322,2014-06-19,4872.47,4798.58,4875.76,4798.58,136.55,1.54
1323,2014-06-18,4798.58,4848.82,4868.25,4790.84,88.47,-1.04
1324,2014-06-17,4848.92,4861.11,4884.63,4820.85,111.57,-0.25
1325,2014-06-16,4861.11,4897.14,4897.14,4841.63,46.27,-0.74
1326,2014-06-13,4897.14,4966.45,4966.45,4871.14,46.24,-1.4
1327,2014-06-12,4966.45,4961.22,4980.36,4946.15,67.11,0.09
1328,2014-06-11,4962.09,5015.14,5033.23,4950.89,98.7,-1.06
1329,2014-06-10,5015.14,5023.35,5023.35,4958.19,360.84,-0.16
1330,2014-06-09,5023.35,5012.4,5036.72,5010.88,52.37,0.22
1331,2014-06-06,5012.4,4950.96,5024.59,4950.96,209.54,1.24
1332,2014-06-05,4950.96,4935.85,4986.2,4909.93,154.19,0.31
1333,2014-06-04,4935.85,4894.71,4935.85,4889.63,69.85,0.82
1334,2014-06-03,4895.5,4898.77,4956.26,4889.39,45.88,-0.07
1335,2014-05-30,4898.77,4911.62,4940.94,4897.58,183.51,-0.26
1336,2014-05-29,4911.62,4926.8,4933.21,4901.53,67.12,-0.31
1337,2014-05-28,4926.8,4894.44,4926.8,4881.06,113.55,0.62
1338,2014-05-27,4896.4,4880.54,4910.36,4844.89,54.19,0.32
1339,2014-05-26,4880.54,4836.38,4882.76,4836.38,37.9,0.91
1340,2014-05-23,4836.38,4842.98,4856.45,4825.11,87.26,-0.14
1341,2014-05-22,4842.98,4816.21,4852.07,4811.8,104.51,0.56
1342,2014-05-21,4816.21,4767.04,4816.21,4752.68,77.8,1.03
1343,2014-05-20,4767.04,4776.61,4797.88,4758.99,48.2,-0.2
1344,2014-05-19,4776.61,4654.09,4781.63,4654.09,70.91,2.63
1345,2014-05-16,4654.09,4669.44,4693.88,4597.13,110.62,-0.33
1346,2014-05-15,4669.44,4815.1,4823.59,4660.92,167.97,-3.03
1347,2014-05-14,4815.1,4862.99,4905.25,4802.94,133.39,-0.98
1348,2014-05-13,4862.99,4896.32,4905.69,4862.99,52.52,-0.68
1349,2014-05-12,4896.32,4877.56,4916.6,4870.31,33.41,0.38
1350,2014-05-09,4877.56,4925.25,4937.21,4868.95,42.3,-0.97
1351,2014-05-08,4925.25,4848.8,4925.25,4848.8,70.72,1.58
1352,2014-05-07,4848.8,4904.19,4917.8,4845.56,75.23,-1.13
1353,2014-05-06,4904.38,4927.33,4959.79,4885.96,52.47,-0.47
1354,2014-05-02,4927.33,4900.15,4943.22,4891.57,82.02,0.55
1355,2014-05-01,4900.15,4897.03,4924.27,4887.86,29.59,0.06
1356,2014-04-30,4897.03,4878.93,4903.84,4873.1,86.72,0.35
1357,2014-04-29,4880,4835.43,4887.22,4835.43,56.61,0.92
1358,2014-04-28,4835.43,4876.65,4916.46,4835.43,54.37,-0.85
1359,2014-04-25,4876.65,4922.63,4939.1,4870.65,148.13,-0.93
1360,2014-04-24,4922.63,4948.09,5004.98,4913.56,51.2,-0.51
1361,2014-04-23,4948.09,4988.15,5000.82,4947.59,70.35,-0.82
1362,2014-04-22,4989.04,4906.78,4989.04,4906.78,91.99,1.68
1363,2014-04-17,4906.78,4922.93,4922.93,4898.57,44.72,-0.33
1364,2014-04-16,4922.93,4847.49,4922.93,4847.49,60.23,1.56
1365,2014-04-15,4847.49,4896.11,4924.65,4841.89,157.78,-0.99
1366,2014-04-14,4896.11,4939.37,4957.78,4854.67,146.93,-0.88
1367,2014-04-11,4939.37,5005.88,5005.88,4900,134.73,-1.27
1368,2014-04-10,5002.7,5015.12,5062.69,4999.91,143.03,-0.25
1369,2014-04-09,5015.12,4986.78,5031.4,4977.96,143.63,0.57
1370,2014-04-08,4986.78,5051.8,5069.28,4934.36,47.51,-1.29
1371,2014-04-07,5051.8,5116.33,5121.57,5051.8,34.38,-1.26
1372,2014-04-04,5116.33,5064.48,5138.51,5064.48,59.25,1.02
1373,2014-04-03,5064.48,5080.98,5092.94,5045.78,60.57,-0.32
1374,2014-04-02,5080.98,5077.14,5109.41,5077.14,54.18,0.01
1375,2014-04-01,5080.27,4995.39,5081.44,4995.39,105.39,1.7
1376,2014-03-31,4995.39,4990.99,5012.8,4968.83,104.28,0.09
1377,2014-03-28,4990.99,4968.35,4993.42,4941.8,65.22,0.46
1378,2014-03-27,4968.35,4984.51,5005.15,4958.15,52.94,-0.32
1379,2014-03-26,4984.51,4924.02,4984.51,4924.02,110.25,1.23
1380,2014-03-25,4924.02,4850.53,4926.99,4850.53,113.41,1.52
1381,2014-03-24,4850.53,4914.87,4914.87,4831.54,87.5,-1.31
1382,2014-03-21,4914.87,4894.31,4944.81,4894.31,260.24,0.42
1383,2014-03-20,4894.31,4899.96,4899.96,4845.75,98.08,-0.12
1384,2014-03-19,4899.96,4961.91,4969.73,4899.96,108.91,-1.25
1385,2014-03-18,4961.91,4942.71,4963.04,4905.9,60.57,0.39
1386,2014-03-17,4942.71,4875.37,4942.71,4875.37,33.41,1.38
1387,2014-03-14,4875.37,4965.52,4965.52,4856.17,117.35,-1.82
1388,2014-03-13,4965.52,5001.28,5018.67,4965.52,146.86,-0.72
1389,2014-03-12,5001.28,5066.26,5066.26,4983.65,76.11,-1.35
1390,2014-03-11,5069.9,5028.55,5089.99,5028.55,171.29,0.82
1391,2014-03-10,5028.55,5051.56,5079.56,5024.04,142.2,-0.46
1392,2014-03-07,5051.56,5143.84,5148.25,5050.22,143.43,-1.79
1393,2014-03-06,5143.84,5106.64,5159.8,5106.64,105.17,0.73
1394,2014-03-05,5106.64,5065.93,5106.64,5065.93,138.8,0.3
1395,2014-03-04,5091.54,5069.63,5109.33,5056.45,502.25,0.43
1396,2014-03-03,5069.63,5195.97,5195.97,5067.71,119,-2.43
1397,2014-02-28,5195.97,5135.96,5195.97,5129.82,99.44,1.17
1398,2014-02-27,5135.96,5103.62,5137.94,5077.96,64.61,0.63
1399,2014-02-26,5103.62,5150.66,5162.74,5084.83,89.96,-0.91
1400,2014-02-25,5150.66,5054.19,5150.66,5054.19,114.21,1.91
1401,2014-02-24,5054.19,5004.85,5054.19,4994.81,81.93,0.99
1402,2014-02-21,5004.85,4986.28,5004.85,4979.74,91.27,0.37
1403,2014-02-20,4986.28,4977.06,4986.28,4937.33,34.78,0.19
1404,2014-02-19,4977.06,4959.53,4981.93,4942.26,61.89,0.35
1405,2014-02-18,4959.53,4968.05,4975.38,4933.32,69.76,-0.17
1406,2014-02-17,4968.05,4929.88,4977.97,4929.17,49.05,0.77
1407,2014-02-14,4929.88,4912.43,4941.04,4902.67,131,0.36
1408,2014-02-13,4912.43,4919.16,4919.16,4850.38,60.01,-0.14
1409,2014-02-12,4919.16,4852.13,4919.98,4852.13,63.32,1.38
1410,2014-02-11,4852.13,4804.82,4852.8,4804.82,26.91,0.98
1411,2014-02-10,4804.82,4829.77,4850.31,4799.73,32.11,-0.52
1412,2014-02-07,4829.77,4764.58,4832.31,4764.58,70.89,1.37
1413,2014-02-06,4764.58,4694.62,4777.52,4694.62,133.13,1.49
1414,2014-02-05,4694.62,4666.86,4710.35,4648.55,61.46,0.59
1415,2014-02-04,4666.93,4662.99,4675.62,4612.96,132.1,0.08
1416,2014-02-03,4662.99,4652.3,4716.41,4652.3,72.48,0.23
1417,2014-01-31,4652.3,4684.64,4694.73,4619.44,119.36,-0.69
1418,2014-01-30,4684.64,4723.35,4744.41,4676.49,70.46,-0.82
1419,2014-01-29,4723.35,4717.75,4794.77,4661.48,79.63,0.04
1420,2014-01-28,4721.47,4640.52,4721.47,4640.52,63.32,1.74
1421,2014-01-27,4640.52,4716.73,4728.06,4635.54,108.52,-1.62
1422,2014-01-24,4716.73,4815.08,4827.53,4711.91,65.8,-2.04
1423,2014-01-23,4815.08,4853.61,4873.52,4806.62,128.57,-0.79
1424,2014-01-22,4853.61,4839.22,4860.78,4836.52,101.11,0.3
1425,2014-01-21,4839.22,4826.25,4868.68,4826.25,120.41,0.27
1426,2014-01-20,4826.25,4831.18,4847.26,4818.83,34.55,-0.1
1427,2014-01-17,4831.18,4806.65,4835.56,4805.99,86.67,0.51
1428,2014-01-16,4806.65,4817.42,4829.3,4796.65,79.53,-0.22
1429,2014-01-15,4817.42,4783.04,4820.03,4783.04,105.83,0.72
1430,2014-01-14,4783.04,4791.76,4791.76,4735.48,90.84,-0.18
1431,2014-01-13,4791.76,4735.01,4792.61,4735.01,84.47,1.2
1432,2014-01-10,4735.01,4745.44,4765.05,4730.08,99.13,-0.22
1433,2014-01-09,4745.44,4702.57,4782.41,4702.57,95.46,0.91
1434,2014-01-08,4702.57,4682.16,4716.64,4682.16,193.96,0.44
1435,2014-01-07,4682.16,4595.59,4682.16,4595.59,180.71,1.88
1436,2014-01-06,4595.59,4585.25,4604.32,4563.32,126.8,0.23
1437,2014-01-03,4585.25,4554.85,4598.73,4528.74,54.44,0.67
1438,2014-01-02,4554.85,4539.43,4571.68,4522.4,31.42,0.34
